root_pos_x,root_pos_y,root_pos_z,root_quat_x,root_quat_y,root_quat_z,root_quat_w,aahead_yaw_joint,aahead_pitch_joint,left_shoulder_pitch_joint,left_shoulder_roll_joint,left_elbow_pitch_joint,left_elbow_yaw_joint,right_shoulder_pitch_joint,right_shoulder_roll_joint,right_elbow_pitch_joint,right_elbow_yaw_joint,left_hip_pitch_joint,left_hip_roll_joint,left_hip_yaw_joint,left_knee_pitch_joint,left_ankle_pitch_joint,left_ankle_roll_joint,right_hip_pitch_joint,right_hip_roll_joint,right_hip_yaw_joint,right_knee_pitch_joint,right_ankle_pitch_joint,right_ankle_roll_joint
0.86389667841171,-1.16256988964987,0.555022974726142,-0.000485455931181353,-0.000407443704706527,-0.831471692690866,0.555566757983191,0.0011710865774444,0.0014381914065477,0.200621091621995,-1.44878955720071,0.0020881682020626,-0.506027157987267,0.198643663193295,1.44895842728863,0.0031626316499823,0.503122872243991,-0.101098710735676,0.0006799428410131,0.0012125193263449,0.207214609515308,-0.0994190546196502,-0.0007243978450862,-0.098905813761698,0.000101827934665,-0.0007451617944913,0.206207258839807,-0.101293063240475,-0.0001424740079742
0.864012671364684,-1.16183855585995,0.555082989890457,-0.0017475865016096,-0.00146678094754739,-0.831402648873937,0.555665753794916,0.00421603463097776,0.00517727656261908,0.202235636648798,-1.44564222288028,0.00751746728082504,-0.521697863194907,0.195117065277318,1.44625037091545,0.0113852526599929,0.511242148897596,-0.103955484294271,0.00244757713640524,0.00436520773053796,0.212972443806123,-0.0979088218478601,-0.00260755913803448,-0.0960607255046792,0.000366531173866,-0.00268246471779652,0.209346303535923,-0.10465482529619,-0.00051298960318968
0.8641466,-1.1609946,0.555152,-0.0032040076803778,-0.00268900644603752,-0.831320185350077,0.555778060927769,0.0077294,0.0094918,0.2040988,-1.4420108,0.013782,-0.5397794,0.191048,1.4431256,0.020873,0.5206108,-0.1072516,0.0044874,0.0080028,0.2196162,-0.096166,-0.0047806,-0.092778,0.000672,-0.004918,0.2129682,-0.108534,-0.0009404
0.8643164,-1.1599254,0.555239,-0.00504900796128963,-0.00423700668103634,-0.831211432863714,0.555917358219406,0.0121796,0.0149572,0.2064592,-1.4374112,0.021717,-0.5626826,0.185894,1.4391674,0.032891,0.5324782,-0.1114264,0.0070716,0.0126102,0.2280318,-0.093958,-0.0075334,-0.08862,0.001059,-0.00775,0.2175558,-0.113448,-0.0014816
0.8644774,-1.1589126,0.5553216,-0.00679641223140083,-0.00570381026507477,-0.831103891608673,0.556046397958084,0.0163954,0.0201346,0.2086952,-1.4330536,0.0292344,-0.5843802,0.1810112,1.4354176,0.0442766,0.5437204,-0.1153816,0.0095194,0.0169752,0.2360046,-0.0918664,-0.0101414,-0.0846812,0.0014256,-0.0104324,0.2219018,-0.1181032,-0.0019944
0.864634,-1.157928,0.555402,-0.00849500149294992,-0.00713000125305862,-0.830995146042839,0.556169097743669,0.020494,0.025168,0.210869,-1.428817,0.036543,-0.605475,0.176264,1.431772,0.055346,0.55465,-0.119227,0.011899,0.021219,0.243756,-0.089833,-0.012677,-0.080852,0.001782,-0.01304,0.226127,-0.122629,-0.002493
0.86479,-1.1569428,0.5554824,-0.0101942178517461,-0.00855621498333341,-0.830882461170556,0.556288778267826,0.0245926,0.030202,0.2130428,-1.4245804,0.0438516,-0.6265704,0.1715168,1.428127,0.0664154,0.5655802,-0.123073,0.0142786,0.0254628,0.2515068,-0.0878002,-0.0152126,-0.0770222,0.0021384,-0.0156482,0.2303522,-0.1271542,-0.0029916
0.8649462,-1.1559578,0.5555628,-0.0118932139314504,-0.00998221169294362,-0.830765572110199,0.556405851073217,0.0286914,0.0352358,0.2152166,-1.4203438,0.0511602,-0.6476656,0.1667696,1.4244818,0.0774846,0.5765104,-0.1269188,0.0166584,0.0297066,0.2592578,-0.0857672,-0.017748,-0.0731924,0.0024948,-0.0182564,0.2345776,-0.1316796,-0.0034902
0.8651028,-1.1549732,0.5556432,-0.0135918161843605,-0.0114078135837741,-0.830644388182393,0.556520462070485,0.0327906,0.0402692,0.2173904,-1.4161072,0.0584688,-0.6687604,0.1620224,1.4208362,0.0885534,0.5874406,-0.1307642,0.0190386,0.0339504,0.2670092,-0.0837338,-0.020283,-0.0693626,0.0028512,-0.0208646,0.2388034,-0.1362054,-0.0039888
0.865259,-1.1539886,0.5557236,-0.0152904259038325,-0.0128334217413725,-0.83051921130094,0.556632145875669,0.0368894,0.045303,0.2195642,-1.411871,0.0657774,-0.6898556,0.1572752,1.4171906,0.0996226,0.5983708,-0.1346096,0.0214184,0.0381942,0.2747602,-0.0817004,-0.0228184,-0.0655328,0.0032076,-0.0234728,0.2430288,-0.1407312,-0.0044878
0.865415,-1.153004,0.555804,-0.0169889996739556,-0.0142589997263484,-0.830389984063571,0.556740989315305,0.040988,0.050337,0.221738,-1.407635,0.073086,-0.710951,0.152528,1.413545,0.110692,0.609301,-0.138455,0.023798,0.042438,0.282511,-0.079667,-0.025354,-0.061703,0.003564,-0.026081,0.247254,-0.145257,-0.004987
0.8655716,-1.1520194,0.5558844,-0.0186876272690011,-0.0156846228870194,-0.830256819613554,0.55684681796445,0.0450866,0.0553704,0.2239118,-1.4033984,0.0803946,-0.7320458,0.1477808,1.4098994,0.1217614,0.6202306,-0.1423004,0.0261776,0.0466818,0.2902624,-0.0776336,-0.0278896,-0.0578738,0.0039204,-0.0286886,0.2514792,-0.1497828,-0.0054856
0.865728,-1.1510348,0.5559648,-0.0203862158828462,-0.017110213330523,-0.830119449512839,0.556950035768257,0.0491854,0.060404,0.2260856,-1.3991618,0.0877032,-0.7531406,0.1430336,1.4062538,0.1328306,0.6311604,-0.1461458,0.0285574,0.0509256,0.2980136,-0.0756002,-0.030425,-0.0540444,0.0042768,-0.0312964,0.2557046,-0.1543086,-0.0059842
0.865884,-1.1500502,0.5560452,-0.0220848152266228,-0.0185358127797249,-0.829977774793487,0.557050785772583,0.0532846,0.065438,0.2282594,-1.3949252,0.0950118,-0.7742354,0.1382864,1.4026082,0.1438994,0.6420906,-0.1499912,0.0309376,0.0551694,0.3057644,-0.0735668,-0.03296,-0.0502146,0.0046332,-0.0339046,0.2599304,-0.1588344,-0.0064828
0.8660404,-1.1490652,0.5561256,-0.0237834341483375,-0.0199614286606815,-0.829831979103968,0.557148791690629,0.0573834,0.0704716,0.2304332,-1.3906886,0.1023204,-0.7953306,0.1335392,1.3989626,0.1549686,0.6530208,-0.1538366,0.0333174,0.0594132,0.3135156,-0.0715334,-0.0354954,-0.0463848,0.0049896,-0.0365128,0.2641558,-0.1633602,-0.0069814
0.866197,-1.14808,0.556206,-0.0254820021308943,-0.021387001788456,-0.829682069380921,0.5572440465987,0.061482,0.075505,0.232607,-1.386452,0.109629,-0.816426,0.128792,1.395317,0.166038,0.663951,-0.157682,0.035697,0.063657,0.321267,-0.0695,-0.038031,-0.042555,0.005346,-0.039121,0.268381,-0.167886,-0.00748
0.866353,-1.1470954,0.5562864,-0.0271800399345907,-0.0228120335168666,-0.829528427545504,0.557336024719256,0.0655806,0.0805384,0.2347808,-1.3822154,0.1169376,-0.8375208,0.1240448,1.391672,0.1771074,0.6748812,-0.1615274,0.0380766,0.0679008,0.3290184,-0.0674672,-0.0405666,-0.0387252,0.0057024,-0.0417292,0.2726062,-0.1724118,-0.0079786
0.8665092,-1.1461108,0.5563668,-0.0288778254421726,-0.0242370213535504,-0.829370523486818,0.55742548628928,0.0696794,0.085572,0.2369546,-1.3779788,0.1242462,-0.8586158,0.1192976,1.3880268,0.1881768,0.6858112,-0.165373,0.0404564,0.0721446,0.3367696,-0.0654342,-0.043102,-0.0348956,0.0060588,-0.0443374,0.2768316,-0.1769376,-0.0084772
0.8666658,-1.1451262,0.5564472,-0.0305752370663131,-0.025662031110094,-0.829208198436371,0.557512671321066,0.0737786,0.090606,0.2391284,-1.3737422,0.1315548,-0.8797112,0.1145504,1.3843812,0.1992462,0.6967408,-0.169219,0.0428366,0.0763884,0.3445204,-0.0634008,-0.045637,-0.0310664,0.0064152,-0.0469456,0.2810574,-0.1814634,-0.0089758
0.866822,-1.1441416,0.5565276,-0.0322730538238925,-0.0270870451748725,-0.82904199086507,0.557596735430774,0.0778774,0.0956396,0.2413022,-1.3695056,0.1388634,-0.9008062,0.1098032,1.3807356,0.2103152,0.7076708,-0.1730646,0.0452164,0.0806322,0.3522716,-0.0613674,-0.0481724,-0.0272368,0.0067716,-0.0495534,0.2852828,-0.1859888,-0.0094744
0.866978,-1.143157,0.556608,-0.0339709913874545,-0.0285119927714552,-0.828871789859063,0.557677858613902,0.081976,0.100673,0.243476,-1.365269,0.146172,-0.921901,0.105056,1.37709,0.221384,0.718601,-0.17691,0.047596,0.084876,0.360023,-0.059334,-0.050708,-0.023407,0.007128,-0.052161,0.289508,-0.190514,-0.009973
0.8671346,-1.1421724,0.5566884,-0.0356678562312677,-0.029936447195588,-0.828697501812131,0.557756276209874,0.0860746,0.105707,0.2456498,-1.3610324,0.1534806,-0.9429958,0.1003088,1.3734444,0.2324534,0.7295312,-0.1807554,0.0499756,0.0891198,0.3677738,-0.0573006,-0.0532436,-0.0195772,0.0074844,-0.0547692,0.2937332,-0.1950398,-0.0104716
0.8672912,-1.1411876,0.5567688,-0.0373648391483096,-0.0313606328576121,-0.828519072423431,0.557831987369681,0.0901734,0.1107408,0.2478236,-1.3567958,0.1607892,-0.9640908,0.0955616,1.3697988,0.2435228,0.7404614,-0.1846008,0.0523554,0.0933636,0.3755248,-0.0552672,-0.055779,-0.0157474,0.0078408,-0.0573774,0.2979586,-0.1995656,-0.0109702
0.8674478,-1.1402024,0.5568492,-0.0390622308078286,-0.0327844258567055,-0.828336457465974,0.557905042796965,0.0942726,0.1157742,0.2499974,-1.3525592,0.1680978,-0.9851862,0.0908144,1.3661532,0.2545922,0.7513916,-0.1884462,0.0547356,0.0976074,0.3832762,-0.0532338,-0.058314,-0.0119176,0.0081972,-0.0599856,0.3021844,-0.2040914,-0.0114688
0.867604,-1.1392176,0.5569296,-0.0407588559039039,-0.0342086469198759,-0.828149732052989,0.557975362755272,0.0983714,0.120808,0.2521716,-1.3483226,0.1754064,-1.0062812,0.0860676,1.3625076,0.2656612,0.7623214,-0.1922916,0.0571154,0.1018512,0.3910272,-0.0512004,-0.0608494,-0.00808819999999997,0.0085536,-0.0625938,0.3064098,-0.2086172,-0.0119674
0.86776,-1.138233,0.55701,-0.0424549950488139,-0.035632995844409,-0.827958903441782,0.558042934919921,0.10247,0.125842,0.254346,-1.344086,0.182715,-1.027376,0.081321,1.358862,0.27673,0.773251,-0.196137,0.059495,0.106095,0.398778,-0.049167,-0.063385,-0.00425899999999998,0.00891,-0.065202,0.310635,-0.213143,-0.012466
0.8679166,-1.1372484,0.5570904,-0.0441512715129764,-0.0370568600219801,-0.827764138933543,0.558107502766903,0.1065686,0.1308754,0.2565198,-1.3398494,0.1900236,-1.0484714,0.0765738,1.355217,0.2877994,0.7841812,-0.1999824,0.0618746,0.1103388,0.4065294,-0.0471336,-0.06592,-0.000429199999999979,0.0092664,-0.0678096,0.3148602,-0.2176688,-0.0129652
0.868073,-1.1362638,0.5571708,-0.0458474542323166,-0.0384804455179515,-0.827565176642574,0.558169458732471,0.1106674,0.135909,0.2586936,-1.3356128,0.1973322,-1.0695666,0.0718266,1.3515718,0.2988688,0.7951114,-0.2038278,0.0642544,0.1145826,0.4142806,-0.0451004,-0.0684552,0.00340060000000002,0.0096228,-0.0704174,0.3190856,-0.2221946,-0.0134642
0.868229,-1.1352792,0.5572512,-0.0475436641225542,-0.039903653818374,-0.827361913678535,0.558228951423999,0.1147666,0.140943,0.2608674,-1.3313762,0.2046408,-1.0906614,0.0670794,1.3479262,0.3099382,0.8060416,-0.2076732,0.0666346,0.1188264,0.4220314,-0.0430676,-0.0709908,0.00723040000000003,0.0099792,-0.0730256,0.3233114,-0.2267204,-0.0139628
0.8683854,-1.1342946,0.5573316,-0.04923948222901,-0.0413268690150737,-0.827154789129814,0.558285337535245,0.1188654,0.1459766,0.2630412,-1.32714,0.2119494,-1.1117566,0.0623322,1.3442806,0.3210072,0.8169718,-0.211519,0.0690144,0.1230706,0.4297826,-0.0410344,-0.0735264,0.0110602,0.0103356,-0.0756338,0.3275368,-0.2312462,-0.0144614
0.868542,-1.13331,0.557412,-0.0509349807776003,-0.0427499838665439,-0.826943687918953,0.558338789288006,0.122964,0.15101,0.265215,-1.322904,0.219258,-1.132852,0.0575849999999999,1.340635,0.332076,0.827902,-0.215365,0.071394,0.127315,0.437534,-0.039001,-0.076062,0.01489,0.010692,-0.078242,0.331762,-0.235772,-0.01496
0.868698,-1.1323248,0.5574924,-0.0526300956192993,-0.0441726802537082,-0.826728292460171,0.558389808109171,0.1270626,0.156044,0.2673888,-1.3186674,0.2265666,-1.1539468,0.0528378,1.3369894,0.3431454,0.8388316,-0.2192104,0.0737736,0.1315588,0.4452854,-0.0369676,-0.078597,0.0187192,0.0110484,-0.0808502,0.3359878,-0.2402978,-0.0154586
0.8688542,-1.1313398,0.5575728,-0.054324881034298,-0.0455950680123955,-0.826508836855062,0.558438035662012,0.1311614,0.1610778,0.2695626,-1.3144308,0.2338752,-1.1750416,0.0480905999999999,1.3333438,0.3542148,0.8497614,-0.2230558,0.0761534,0.1358026,0.4530366,-0.0349342,-0.0811322,0.0225486,0.0114048,-0.0834584,0.3402134,-0.2448234,-0.0159572
0.8690108,-1.1303552,0.5576532,-0.0560192642567905,-0.0470170539308395,-0.826285351652724,0.558483443188719,0.1352606,0.1661112,0.2717364,-1.3101942,0.2411838,-1.1961364,0.0433433999999999,1.3296982,0.3652842,0.8606916,-0.2269012,0.0785336,0.1400464,0.4607874,-0.0329008,-0.0836678,0.0263784000000001,0.0117612,-0.0860666,0.3444386,-0.2493486,-0.0164558
0.869167,-1.1293706,0.5577336,-0.0577136932144173,-0.0484390782348179,-0.826057733515548,0.558526101641158,0.1393594,0.1711446,0.2739102,-1.3059576,0.2484924,-1.2172316,0.0385961999999999,1.3260526,0.3763532,0.8716218,-0.2307466,0.0809134,0.1442902,0.4685386,-0.0308674,-0.0862034,0.0302082000000001,0.0121176,-0.0886744,0.3486638,-0.2538742,-0.0169544
0.869323,-1.128386,0.557814,-0.0594080003440615,-0.04986100028877,-0.825826004782771,0.558566003234935,0.143458,0.176178,0.276084,-1.301721,0.255801,-1.238327,0.0338489999999999,1.322407,0.387422,0.882552,-0.234592,0.083293,0.148534,0.47629,-0.028834,-0.088739,0.034038,0.012474,-0.091282,0.352889,-0.2584,-0.017453
0.8694796,-1.1274014,0.5578944,-0.0611019006312308,-0.0512824844592318,-0.825590359816527,0.558602920064833,0.1475566,0.181212,0.2782578,-1.2974844,0.2631096,-1.2594218,0.0291017999999999,1.318762,0.3984914,0.8934822,-0.2384374,0.0856726,0.1527778,0.4840408,-0.0268006,-0.091274,0.0378678,0.0128304,-0.0938902,0.3571148,-0.2629258,-0.0179516
0.869636,-1.1264168,0.5579748,-0.0627954702017362,-0.0527038589199033,-0.825350521960602,0.558637224034037,0.1516554,0.1862458,0.2804316,-1.2932478,0.2704182,-1.2805168,0.0243545999999999,1.3151168,0.4095608,0.9044122,-0.2422828,0.0880524,0.1570216,0.4917918,-0.0247672,-0.0938092000000001,0.0416974000000001,0.0131868,-0.0964984,0.3613404,-0.2674516,-0.0184502
0.869792,-1.1254322,0.5580552,-0.0644886768267026,-0.0541252644805636,-0.825106382251701,0.558669065076598,0.1557546,0.1912792,0.2826054,-1.2890112,0.2777268,-1.3016122,0.0196073999999999,1.3114712,0.4206302,0.9153418,-0.2461282,0.0904326,0.1612654,0.4995432,-0.0227338,-0.0963448,0.0455266000000001,0.0135432,-0.0991066,0.3655656,-0.2719774,-0.0189488
0.8699484,-1.1244472,0.5581356,-0.0661815179532031,-0.0555462989983959,-0.824858269747726,0.558697995501845,0.1598534,0.196313,0.2847792,-1.2847746,0.2850354,-1.3227072,0.0148601999999999,1.3078256,0.4316992,0.9262718,-0.249974,0.0928124,0.1655092,0.5072942,-0.0207008,-0.0988804,0.0493562000000001,0.0138996,-0.1017148,0.3697908,-0.2765032,-0.0194474
0.870105,-1.123462,0.558216,-0.0678740107791744,-0.0569670090470169,-0.824606130956947,0.558724088731818,0.163952,0.201347,0.286953,-1.280538,0.292344,-1.343802,0.0101129999999999,1.30418,0.442768,0.937202,-0.25382,0.095192,0.169753,0.515045,-0.018668,-0.101416,0.0531860000000001,0.014256,-0.104323,0.374016,-0.281029,-0.019946
0.870261,-1.1224774,0.5582964,-0.0695661243686485,-0.058387304383421,-0.82435007401836,0.558747199091939,0.1680506,0.2063804,0.2891268,-1.2763014,0.2996526,-1.3648974,0.00536579999999991,1.3005344,0.4538374,0.9481322,-0.2576654,0.0975716,0.1739968,0.5227964,-0.0166346,-0.103951,0.0570158000000001,0.0146124,-0.1069306,0.3782418,-0.2855548,-0.0204446
0.8704172,-1.1214928,0.558377,-0.071257889649615,-0.0598072752435865,-0.824089835949953,0.558767702426153,0.1721494,0.211414,0.2913006,-1.2720648,0.3069612,-1.3859926,0.000618599999999893,1.2968888,0.4649068,0.9590624,-0.2615108,0.0999514000000001,0.1782406,0.5305476,-0.0146012,-0.1064862,0.0608456000000001,0.0149688,-0.1095384,0.3824674,-0.2900806,-0.0209434
0.8705738,-1.1205082,0.558458,-0.0729492987154539,-0.0612268828526062,-0.823825313986866,0.558785755605418,0.1762486,0.216448,0.2934744,-1.2678282,0.3142698,-1.4070874,-0.00412860000000009,1.2932432,0.4759762,0.9699926,-0.2653562,0.1023316,0.1824844,0.5382984,-0.0125678,-0.1090218,0.0646754000000001,0.0153252,-0.1121466,0.3866926,-0.2946064,-0.0214426
0.8707304,-1.1195236,0.5585386,-0.0746403217790451,-0.0626461022099652,-0.823556949255147,0.558800715439927,0.1803474,0.2214816,0.2956482,-1.2635916,0.321578,-1.4281822,-0.0088758000000001,1.2895976,0.4870452,0.9809224,-0.2692016,0.1047114,0.1867282,0.5460496,-0.0105344,-0.1115574,0.0685048000000001,0.0156816,-0.1147548,0.3909178,-0.2991318,-0.0219414
0.870887,-1.118539,0.558619,-0.0763309654228438,-0.0640649709792154,-0.823284627060381,0.558812746863471,0.184446,0.226515,0.297822,-1.259355,0.328886,-1.449277,-0.0136230000000001,1.285952,0.498114,0.991852,-0.273047,0.107091,0.190972,0.553801,-0.00850099999999995,-0.114093,0.0723340000000001,0.016038,-0.117363,0.395143,-0.303657,-0.02244
0.871043,-1.1175544,0.5586994,-0.0780213330436335,-0.0654835116638109,-0.823007997348092,0.55882234886532,0.1885446,0.231549,0.2999958,-1.2551184,0.3361946,-1.4703724,-0.0183702000000001,1.2823064,0.5091834,1.0027822,-0.2768924,0.1094706,0.1952158,0.5615524,-0.00646759999999995,-0.116628,0.0761638000000001,0.0163944,-0.1199712,0.3993688,-0.3081828,-0.0229386
0.8711992,-1.1165696,0.5587798,-0.0797115057126102,-0.0669018887246608,-0.82272729471936,0.558829143536613,0.1926434,0.2365828,0.3021696,-1.2508818,0.3435032,-1.4914676,-0.0231174000000001,1.278661,0.5202528,1.0137124,-0.2807378,0.1118504,0.1994596,0.5693036,-0.00443419999999995,-0.1191632,0.0799936000000001,0.0167508,-0.1225794,0.4035944,-0.3127086,-0.0234372
0.8713558,-1.1155844,0.5588602,-0.0814016704973849,-0.0683202591683512,-0.822442515822229,0.558833086346367,0.1967426,0.2416162,0.3043434,-1.2466452,0.3508118,-1.5125624,-0.0278646000000001,1.275016,0.5313222,1.0246426,-0.2845832,0.1142306,0.2037034,0.5770544,-0.00240079999999995,-0.1216988,0.0838234000000001,0.0171072,-0.1251876,0.4078196,-0.3172344,-0.0239358
0.8714756,-1.115242,0.5587786,-0.0833007185210077,-0.0697894993538587,-0.822275376077051,0.558617599052487,0.1998122,0.2467268,0.3062956,-1.2415166,0.3580496,-1.5330856,-0.0340074000000002,1.2709798,0.5409944,1.0357116,-0.290803,0.1162268,0.2053324,0.5827188,0.000660200000000097,-0.1241152,0.0884960000000001,0.0167784,-0.1295682,0.413396,-0.3213362,-0.0242524
0.871577,-1.115221,0.558616,-0.0853039015176409,-0.0712839177035487,-0.822164050821195,0.558290355460298,0.202367,0.251876,0.308137,-1.235942,0.365252,-1.553323,-0.040848,1.266748,0.549968,1.04685,-0.29821,0.118031,0.205654,0.58734,0.00423499999999995,-0.126472,0.09359,0.0161070000000001,-0.134835,0.419648,-0.325226,-0.024478
0.8718314,-1.1113384,0.559477,-0.0861471545284485,-0.072575422727148,-0.82146778193858,0.559018925457392,0.212165,0.2572742,0.3127666,-1.2361808,0.3720794,-1.578295,-0.039474,1.2656416,0.568389800000001,1.0584786,-0.2906602,0.122534,0.2243458,0.6035886,0.00193819999999994,-0.1297864,0.0938972,0.0198504000000001,-0.1286622,0.4177754,-0.332816,-0.025651
0.872266,-1.1056276,0.560743,-0.0862501876828309,-0.0736020254422548,-0.820244623721209,0.560662469077365,0.2237576,0.261677,0.316231,-1.2383618,0.3801508,-1.6035412,-0.0340163999999997,1.2645884,0.589645200000001,1.0681826,-0.277282199999999,0.1276744,0.247437600000001,0.626975400000001,-0.00368840000000028,-0.1330488,0.0915071999999998,0.0251846000000002,-0.1182142,0.4119938,-0.3403272,-0.0275350000000001
0.873061,-1.0962604,0.562819,-0.0848721474483181,-0.0740982846857063,-0.817961719641143,0.56413188883084,0.2389394,0.264089,0.317365,-1.2444272,0.3907102,-1.6293358,-0.0203915999999997,1.2636416,0.616567800000001,1.0740374,-0.252247799999999,0.1340896,0.279329400000001,0.664638600000001,-0.0159746000000003,-0.1362072,0.0837227999999998,0.0337004000000002,-0.0992157999999995,0.3983942,-0.3476808,-0.0308410000000001
0.8743216,-1.08448,0.5652354,-0.0823508899951894,-0.0737780367543717,-0.814506505375436,0.569521101374449,0.2521724,0.262237,0.3127654,-1.2521558,0.4046592,-1.6497588,-0.000101599999999495,1.2612204,0.643027200000001,1.072801,-0.221016199999999,0.140002,0.307423200000001,0.714393400000001,-0.0335156000000004,-0.1392808,0.0711591999999997,0.0435166000000002,-0.0782429999999995,0.3800922,-0.3505408,-0.0354486000000001
0.875815,-1.071493,0.567822,-0.0792539895126838,-0.0730459120027505,-0.810425118429859,0.575842189583187,0.264431,0.258253,0.305299,-1.260716,0.420303,-1.667496,0.0235210000000006,1.258062,0.669255,1.068019,-0.186685999999999,0.145663,0.333618,0.770194000000001,-0.0536840000000004,-0.142312,0.0562059999999996,0.0539830000000002,-0.0562829999999998,0.359439,-0.351154,-0.0407070000000001
0.8776762,-1.0598242,0.5695926,-0.0765900229060701,-0.0716598374650684,-0.805502410889889,0.583236403301701,0.2638628,0.247921,0.2883682,-1.2653066,0.440249400000001,-1.6703958,0.0479992000000006,1.2521682,0.6823416,1.0526446,-0.158466799999999,0.1474822,0.3336834,0.823201600000001,-0.0724274000000005,-0.1466344,0.0406035999999996,0.0606142000000002,-0.0485105999999998,0.3435888,-0.3405226,-0.0460536000000001
0.8796258,-1.0482912,0.5712656,-0.0740825421281296,-0.0702718522402844,-0.800462016334653,0.590621879157906,0.2610742,0.2370126,0.2710534,-1.2698334,0.460279400000001,-1.6706846,0.0735318000000008,1.2475956,0.6933,1.0351984,-0.129195599999999,0.148644,0.330408,0.872540400000001,-0.0895796000000004,-0.1513406,0.0245913999999995,0.0663168000000001,-0.0437374,0.3291304,-0.3282262,-0.0511166000000001
0.8817522,-1.0370298,0.5727434,-0.071894826089335,-0.0688863577610761,-0.795256779222524,0.598040516015943,0.2538448,0.2249514,0.252970599999999,-1.2742326,0.480476600000001,-1.6657514,0.101173200000001,1.2456654,0.700002,1.0136086,-0.097820399999999,0.148491,0.320451,0.914541600000001,-0.1035494,-0.1568144,0.00775959999999948,0.0701622000000001,-0.0449626,0.3174556,-0.3125998,-0.0556124000000001
0.8841422,-1.0259324,0.5740912,-0.0696994088403297,-0.0676475440605151,-0.790009041120213,0.605352390875109,0.2439866,0.2143434,0.235930599999999,-1.2784062,0.499413000000001,-1.6589082,0.130586200000001,1.2471512,0.7036044,0.987843999999999,-0.0639987999999988,0.1464528,0.305707199999999,0.944998400000001,-0.1126872,-0.1612522,-0.0103742000000006,0.0719972,-0.0487382000000002,0.3086564,-0.295667399999999,-0.0594382000000001
0.886664,-1.014917,0.575374,-0.0674972159254577,-0.0664792126688372,-0.784706510297797,0.612584959676204,0.232814,0.204462,0.219412,-1.282467,0.517719000000001,-1.65111,0.160885000000001,1.250345,0.705657,0.959991999999999,-0.0289539999999987,0.143472,0.288569999999999,0.969683,-0.119409,-0.165172,-0.0291590000000007,0.072827,-0.0537890000000001,0.301295,-0.278081999999999,-0.0629290000000001
0.889676,-1.004402,0.5760184,-0.065342225007846,-0.0651888190918551,-0.779732540614926,0.619272134527807,0.2201738,0.1973148,0.2069446,-1.2852372,0.531714000000001,-1.6466724,0.191942800000001,1.2599546,0.7037862,0.928957599999999,0.00741320000000138,0.137244,0.265241999999999,0.9731678,-0.1222764,-0.1675888,-0.0495920000000008,0.0724724,-0.0575378000000001,0.297761,-0.261253199999999,-0.0660652000000001
0.892895,-0.9940296,0.5764714,-0.0630973189870985,-0.0640041352528709,-0.774750934915094,0.625845977741617,0.204614799999999,0.191221,0.1946636,-1.2879914,0.5456352,-1.6386408,0.224197200000001,1.2714454,0.697112,0.894328599999999,0.0449342000000011,0.1284722,0.238964599999999,0.967388599999999,-0.1274172,-0.1711966,-0.0733692000000009,0.0701851999999998,-0.0621938000000002,0.2997884,-0.243475799999999,-0.0680384
0.896528,-0.9839424,0.5765416,-0.0606777645015017,-0.0630360129403005,-0.769815226973849,0.632241398744887,0.183218199999999,0.187234,0.1827554,-1.2907136,0.5594088,-1.6234212,0.258844800000001,1.2866986,0.680831,0.852510399999999,0.0847628000000012,0.1146128,0.206788399999999,0.943081399999999,-0.1371048,-0.1771864,-0.103834800000001,0.0640327999999998,-0.0686642000000002,0.3129386,-0.223801199999999,-0.0676856
0.9010082,-0.974558,0.5752794,-0.0576120862218884,-0.0620401822541171,-0.765500646283978,0.637840594385344,0.158894799999999,0.1839786,0.164942399999999,-1.2971402,0.5741204,-1.6062228,0.295042800000001,1.3018498,0.658309599999999,0.812170999999999,0.123868200000001,0.1013774,0.171043399999999,0.909682199999999,-0.1475224,-0.180603,-0.138922400000001,0.0517531999999995,-0.0757866000000002,0.338328400000001,-0.205161399999999,-0.0654007999999999
0.905912,-0.965525,0.573351,-0.0542221153499463,-0.0610291298309151,-0.761479619941104,0.643027367950549,0.133107999999999,0.181089,0.144176999999999,-1.305419,0.589301000000001,-1.588035,0.332016000000001,1.31695,0.632667999999999,0.772570999999999,0.162612000000001,0.0884539999999997,0.133513999999998,0.871736999999998,-0.158305,-0.182733,-0.176321000000001,0.0364099999999994,-0.0832350000000002,0.369838000000001,-0.187038999999999,-0.0621499999999998
0.9114662,-0.9570608,0.5699694,-0.0503562812713319,-0.0594409969274009,-0.758341125371346,0.647186024564282,0.109061799999999,0.1766112,0.119732999999999,-1.3144418,0.604506200000001,-1.5766392,0.369021000000001,1.3293934,0.601365999999999,0.751580599999999,0.196972200000001,0.0790495999999996,0.0916093999999984,0.820491599999998,-0.1700098,-0.1736256,-0.217355600000002,0.0189157999999993,-0.0892194000000002,0.406136200000001,-0.172115199999999,-0.0576241999999998
0.9169456,-0.94866,0.5662512,-0.0467602222141232,-0.0573596738135844,-0.755473074995338,0.650986775899152,0.0877013999999993,0.1714172,0.0966685999999992,-1.321765,0.618892600000001,-1.5719522,0.405421400000001,1.3411388,0.568982999999999,0.741922400000001,0.227728400000001,0.0710655999999998,0.0497035999999983,0.764594999999997,-0.185005000000001,-0.162523399999999,-0.257046800000002,0.00389299999999959,-0.0928254,0.437604400000001,-0.157322999999999,-0.0541882
0.9222754,-0.940386,0.5618598,-0.0437063846480498,-0.054295079150836,-0.753185319340397,0.654105244628955,0.0717125999999993,0.1647908,0.0763633999999991,-1.325689,0.631641400000001,-1.5806828,0.440612600000002,1.3514882,0.534437999999999,0.754928600000001,0.251276600000001,0.0659223999999998,0.00779539999999821,0.699395999999997,-0.206581000000001,-0.147431599999999,-0.294051200000002,-0.00618700000000043,-0.0916745999999999,0.459412600000001,-0.142793999999999,-0.0529317999999999
0.9269552,-0.9317476,0.5580792,-0.0407757856798243,-0.0513116292769245,-0.751427684600062,0.656552272724518,0.0574949999999996,0.1583772,0.0617073999999996,-1.3277506,0.6424338,-1.5935082,0.475767400000001,1.361144,0.490662599999998,0.785318800000001,0.2655092,0.0586019999999997,-0.026617600000001,0.633020199999998,-0.243729400000001,-0.129109799999999,-0.328764400000001,-0.0124626000000001,-0.0893333999999999,0.4685592,-0.122413799999999,-0.0502741999999999
0.93131,-0.922927,0.554604,-0.0379064840693491,-0.0483683416770083,-0.749928793006139,0.658658035257501,0.0441629999999998,0.15207,0.0498759999999996,-1.328881,0.652248,-1.608381,0.510904000000001,1.370453,0.442271999999998,0.824401000000003,0.275083999999999,0.0501929999999997,-0.0572829999999997,0.566055999999999,-0.288664000000002,-0.109172999999999,-0.362332000000001,-0.0168360000000001,-0.0863969999999999,0.471374999999999,-0.0991079999999991,-0.0469159999999994
0.935642,-0.9137392,0.5517282,-0.0330985869433544,-0.0458573913187435,-0.750782552997737,0.658123955891285,0.0372509999999997,0.1459608,0.0394863999999996,-1.33819,0.655983,-1.6267818,0.548312800000001,1.3753664,0.379063799999998,0.897647800000003,0.261073999999999,0.0424787999999997,-0.0500319999999997,0.530898399999999,-0.344118400000002,-0.0842057999999991,-0.389287600000001,-0.0205140000000001,-0.0828185999999999,0.451191599999999,-0.0742499999999991,-0.0301513999999994
0.9400006,-0.9044692,0.5492128,-0.0275533655166461,-0.0431856239921054,-0.752472426760762,0.656628556258322,0.0336064000000001,0.138965,0.0293773999999996,-1.349208,0.6578902,-1.6455698,0.584275000000001,1.3791062,0.315054799999997,0.979518600000004,0.239976999999999,0.0350225999999997,-0.0318243999999984,0.5072492,-0.397932800000002,-0.0599427999999991,-0.414071200000001,-0.0235642000000001,-0.0799715999999999,0.422299599999998,-0.0562959999999998,-0.00947779999999885
0.9444124,-0.8950348,0.5474182,-0.0205335557651299,-0.0401921564201264,-0.755831927627567,0.653208282884362,0.0364966000000001,0.130196,0.0198295999999996,-1.363644,0.6561418,-1.6651322,0.617344000000001,1.3804988,0.249444199999997,1.0786374,0.204705999999999,0.0280823999999997,0.00829640000000171,0.5066168,-0.448467200000002,-0.037088199999999,-0.434510800000001,-0.0253588000000001,-0.0785873999999999,0.375990399999998,-0.0521499999999998,0.0190138000000012
0.9486998,-0.8856344,0.5458908,-0.0133743785483469,-0.0373113546546241,-0.760356270470958,0.648295712439761,0.0451404000000005,0.122569,0.0103797999999996,-1.377598,0.6540738,-1.6844902,0.643489800000001,1.3795654,0.192195599999998,1.1847742,0.163065399999998,0.0213389999999997,0.0504636000000019,0.518278400000001,-0.488672400000002,-0.0234535999999996,-0.4478432,-0.0253806,-0.0813212000000002,0.319578799999997,-0.0646292000000009,0.0538338000000017
0.952925,-0.876251,0.544497,-0.00614469131333506,-0.0344842676373767,-0.765408548693012,0.642590718608537,0.0566610000000011,0.115513,0.000978999999999562,-1.391311,0.651846,-1.703746,0.666174,1.377469,0.139127999999999,1.29442,0.118239999999998,0.0146939999999998,0.0936540000000016,0.536087000000001,-0.523713000000001,-0.0144289999999998,-0.457622,-0.0245159999999998,-0.0861140000000008,0.258115999999999,-0.0854210000000007,0.0918180000000013
0.9576224,-0.865497799999999,0.5440524,-0.0014098060381098,-0.0317303747245572,-0.773758356603097,0.632684124467849,0.0800952000000012,0.115963,-0.00826520000000046,-1.3992502,0.6444918,-1.7223442,0.6686556,1.3661086,0.113440199999999,1.39979020000001,0.0761559999999979,0.00994139999999976,0.127875600000002,0.558113000000001,-0.540630000000001,-0.00979579999999977,-0.4634954,-0.0205937999999998,-0.102549800000001,0.229522999999999,-0.100957400000001,0.119672400000001
0.9625234,-0.854010799999999,0.5438216,0.00253232566709205,-0.0293101184224758,-0.783401982025633,0.620818684354044,0.108138200000002,0.119951000000001,-0.0175170000000005,-1.4054848,0.633650199999999,-1.7401356,0.661854599999999,1.3491728,0.0981196000000003,1.501055,0.0367399999999982,0.00585719999999986,0.162924000000002,0.579157200000001,-0.5531682,-0.00431839999999963,-0.471956400000001,-0.0177558,-0.121632400000001,0.226716000000003,-0.114728000000001,0.1404736
0.9678316,-0.841056199999999,0.5440184,0.00488765604961186,-0.0275597503347652,-0.795675062035356,0.60507666178333,0.145398800000002,0.131015,-0.0267840000000004,-1.4083102,0.615833799999999,-1.7563134,0.636488399999999,1.3210862,0.1035334,1.594109,0.00265999999999855,0.00310979999999988,0.199626000000002,0.598237800000001,-0.5569488,0.00284740000000031,-0.485592600000001,-0.0170862,-0.146008600000001,0.275481000000002,-0.124967,0.1471684
0.9734398,-0.827076399999999,0.5446336,0.00623898904174087,-0.0262502309571535,-0.809909079156588,0.585934538912121,0.189277800000002,0.148480600000001,-0.0368394000000005,-1.40814,0.592323399999999,-1.7715996,0.587358999999997,1.2849576,0.132462800000002,1.6727314,-0.0251616000000011,0.00105359999999992,0.238669200000002,0.610954,-0.5568854,0.0107920000000004,-0.501779200000001,-0.0210750000000003,-0.165881600000001,0.367626400000005,-0.142420400000001,0.137605999999999
0.979198,-0.812583999999999,0.545458,0.00708539203516084,-0.0251503915726548,-0.824779635106045,0.564850253197952,0.236466000000002,0.169147000000001,-0.0472890000000006,-1.406472,0.565965999999999,-1.78644,0.526347999999995,1.244808,0.173150000000003,1.744138,-0.0498540000000008,-0.000657000000000128,0.278883000000002,0.620488,-0.5549,0.0191260000000003,-0.519241,-0.0273930000000006,-0.183503,0.481462000000006,-0.163481000000002,0.119914999999999
0.9848092,-0.798062799999999,0.5468026,0.00758760329579391,-0.025721706620928,-0.839802808413893,0.542228794020449,0.285208200000002,0.196889800000001,-0.0597096000000006,-1.4022318,0.539600199999999,-1.7961744,0.430345599999995,1.2097296,0.243699200000004,1.7880814,-0.0668094000000009,-0.00336540000000014,0.315237000000002,0.6202906,-0.5502404,0.0259234000000003,-0.5231266,-0.0402294000000006,-0.1833794,0.602290000000006,-0.202623200000002,0.0967375999999988
0.9905036,-0.783724799999999,0.5484608,0.00796610107747123,-0.0261941298601377,-0.854116100544807,0.519361238045955,0.333109000000002,0.224463000000001,-0.0730382000000008,-1.3962528,0.514541199999999,-1.8041284,0.328802199999994,1.1822228,0.317789400000004,1.8256524,-0.0825902000000007,-0.0058322000000001,0.349591400000002,0.617634,-0.5441902,0.0323592000000003,-0.520301799999999,-0.0541130000000008,-0.179400799999999,0.712935200000005,-0.238760400000002,0.0758595999999992
0.9963644,-0.769753199999999,0.5507462,0.00810265770070975,-0.0264879216213688,-0.867635548384542,0.496428536776262,0.379327000000003,0.251697000000001,-0.0881828000000008,-1.3867962,0.492095799999999,-1.8085216,0.216176799999994,1.1698592,0.398961600000004,1.8504786,-0.0960218000000007,-0.00781580000000011,0.379946600000002,0.610059,-0.535358799999999,0.0380718000000003,-0.504056199999999,-0.0700910000000009,-0.167712199999999,0.803214800000005,-0.268887600000002,0.0595803999999991
1.0022344,-0.756685199999999,0.5529996,0.00854063152883463,-0.0262157841032121,-0.880175248465668,0.473847361779448,0.424784200000003,0.274692200000001,-0.106181800000001,-1.3728908,0.471967199999999,-1.8094664,0.101216199999993,1.176592,0.478641800000004,1.8639388,-0.110096600000001,-0.00770619999999993,0.407781000000002,0.603138,-0.524511799999999,0.0426668000000002,-0.479145399999998,-0.0902434000000013,-0.153557599999999,0.871347600000003,-0.293210000000001,0.0484763999999995
1.008109,-0.744068999999999,0.555237,0.00912657758248616,-0.0256528126767941,-0.891953716521285,0.45130611159973,0.469861000000002,0.295568000000001,-0.125608,-1.356761,0.452996999999999,-1.808687,-0.014912000000005,1.192873,0.557576000000003,1.871716,-0.124493000000001,-0.00654999999999966,0.434355000000001,0.596543999999999,-0.512656999999999,0.0467030000000001,-0.449901999999998,-0.112483000000001,-0.13817,0.928407000000001,-0.314630000000001,0.0399599999999999
1.0128382,-0.731471399999999,0.5587314,0.00852867916447028,-0.0233882120859634,-0.903334378666837,0.428214027661087,0.515614000000002,0.309389000000001,-0.1318012,-1.323866,0.425908799999999,-1.8012716,-0.121067600000005,1.2405208,0.627870800000003,1.8620092,-0.137394800000001,0.000573800000000354,0.460292400000001,0.5859762,-0.501347599999999,0.0491318000000001,-0.411448599999998,-0.132199600000001,-0.1295558,0.947394000000001,-0.327947600000001,0.0381251999999999
1.0174012,-0.719072199999999,0.562135,0.00792861864119693,-0.0209477470145669,-0.91433539384494,0.404337874139777,0.563149000000003,0.321550400000001,-0.1348092,-1.2877074,0.395130199999998,-1.7931672,-0.222736400000005,1.295065,0.695100000000003,1.8475542,-0.149712800000001,0.00947380000000065,0.488053400000002,0.575777799999999,-0.4910756,0.0510694,-0.373012599999998,-0.152738800000001,-0.1218772,0.9571866,-0.338937,0.0378356000000001
1.0216318,-0.707069799999999,0.565357,0.00732986916436647,-0.0181716127986586,-0.925118745903225,0.379171955034615,0.614248000000003,0.3303926,-0.1314468,-1.2450216,0.356970799999998,-1.7836848,-0.315431600000005,1.363402,0.756198000000003,1.8236028,-0.160863200000001,0.0219262000000007,0.519461600000002,0.5663182,-0.4828784,0.0520246000000001,-0.334611399999998,-0.174923200000001,-0.1160698,0.9485904,-0.34527,0.0406364000000002
1.0256724,-0.695887399999999,0.5675158,0.00716347868510969,-0.0156734799697863,-0.935677221604592,0.352436041813372,0.668594600000003,0.3358952,-0.121977199999999,-1.2013642,0.311276999999997,-1.7741892,-0.394600800000004,1.4395798,0.807496000000003,1.7971178,-0.170441200000001,0.037608600000001,0.554162200000002,0.5612742,-0.4774528,0.0518826,-0.300289399999998,-0.201086000000002,-0.1114692,0.925937399999998,-0.3460586,0.0470168000000005
1.029618,-0.685115,0.569143,0.00720994545489977,-0.013307899322303,-0.945675845717881,0.324758543117707,0.724565000000004,0.339728,-0.109453999999999,-1.157221,0.261815999999996,-1.764687,-0.467007000000003,1.519678,0.853894000000002,1.769366,-0.179233000000001,0.0549060000000015,0.590509000000002,0.558438000000001,-0.473413,0.0511919999999997,-0.268006999999999,-0.229238000000002,-0.107471999999999,0.896255999999997,-0.344074999999999,0.0551870000000011
1.0339296,-0.676534999999999,0.5682982,0.00833081747410606,-0.0112187043969222,-0.955455822366172,0.294803171045444,0.791621600000004,0.3385796,-0.0892213999999987,-1.1210884,0.201493799999996,-1.7513412,-0.522056400000003,1.5964936,0.890885200000002,1.7448974,-0.187943800000001,0.0794874000000015,0.632758600000003,0.571797000000001,-0.473674,0.0468479999999997,-0.248239999999999,-0.261487400000002,-0.0953771999999993,0.852767999999997,-0.324942199999999,0.0732008000000011
1.038028,-0.668296,0.5672854,0.0091855086176884,-0.00899256865514682,-0.964413166531217,0.264087115099634,0.856903200000004,0.3376822,-0.060196799999997,-1.0888,0.134465999999995,-1.7337144,-0.569993000000002,1.663634,0.924779400000002,1.729458,-0.196855200000001,0.106239200000002,0.673285800000002,0.589519000000002,-0.4752604,0.0411343999999995,-0.231496799999999,-0.290632600000001,-0.0801191999999986,0.804395199999996,-0.299118199999998,0.0961632000000021
1.0417,-0.660739,0.5659366,0.00951475003612656,-0.00650546045589831,-0.97260964022557,0.232158644586617,0.918634800000004,0.3372868,-0.0135881999999969,-1.0642,0.0540269999999947,-1.7075256,-0.603704000000002,1.711424,0.952479600000002,1.732077,-0.206167800000001,0.137331800000002,0.710368200000002,0.615967000000002,-0.4794976,0.0326815999999994,-0.220801199999999,-0.313569400000001,-0.0585347999999986,0.746252799999996,-0.259911799999997,0.129022800000002
1.0444644,-0.6531436,0.5637594,0.00912398879251726,-0.0037423389111687,-0.979469236723303,0.201352333089681,0.962244800000002,0.3377374,0.0477576000000039,-1.0510888,-0.0328112000000051,-1.6760832,-0.622389800000001,1.7356028,0.968080600000001,1.7504948,-0.2118092,0.167161200000002,0.733053800000001,0.640959800000001,-0.4836612,0.0247547999999996,-0.2134172,-0.3228754,-0.0298415999999982,0.688881199999997,-0.224648599999998,0.164314000000002
1.046775,-0.645529,0.561168,0.00836942415553815,-0.000841042623348913,-0.985228930592531,0.171035667947091,0.996794,0.338611,0.116472000000004,-1.043722,-0.122849000000004,-1.642014,-0.633563,1.747976,0.977632,1.776812,-0.215615,0.196359000000001,0.748541,0.665225000000001,-0.487788,0.0170909999999999,-0.207689,-0.325366,0.00240600000000245,0.631894999999997,-0.191356999999999,0.200821000000002
1.0472748,-0.639433,0.5553462,0.00883768229014007,0.000183737916017566,-0.98909055474541,0.147043313773643,1.0014068,0.339193,0.187059000000004,-1.050238,-0.186419000000004,-1.6119114,-0.6335666,1.7431904,0.9708928,1.8130514,-0.2171582,0.216570000000001,0.74786,0.686114000000001,-0.4873344,0.0146549999999998,-0.206048,-0.3196678,0.0438570000000026,0.585007999999997,-0.181841599999999,0.230006800000002
1.0478558,-0.6338194,0.548650399999999,0.00975819453475799,0.00166016867068982,-0.992205126154184,0.124221612905184,1.0035856,0.334509399999999,0.258274800000005,-1.0536314,-0.237850000000002,-1.5770664,-0.642351800000002,1.74,0.9643898,1.8453754,-0.226529200000002,0.245818800000003,0.7459046,0.723057200000004,-0.489789600000001,0.00928759999999928,-0.211515000000001,-0.312343199999999,0.081777400000002,0.547478599999999,-0.195332000000004,0.258856200000002
1.0485992,-0.6291706,0.540206599999999,0.0115889726613605,0.00403934246820159,-0.994516763259506,0.103854643713774,1.0008964,0.319294599999999,0.330748200000005,-1.0507796,-0.265003000000002,-1.5327366,-0.668700200000002,1.74,0.9583592,1.8698686,-0.251555800000002,0.293143200000003,0.7414004,0.792108800000005,-0.498062400000001,-0.00194260000000074,-0.231198000000001,-0.301765799999999,0.112636600000002,0.528664399999999,-0.254834000000004,0.287032800000002
1.050435,-0.6249782,0.531881999999999,0.0131018641597877,0.00893374461495946,-0.996225261383795,0.0853449350780892,1,0.294478599999998,0.399722000000005,-1.0325306,-0.266569199999999,-1.46633999999999,-0.709119400000003,1.74,0.9526022,1.8872414,-0.287654800000003,0.353589600000005,0.733564599999999,0.877890800000007,-0.511500800000001,-0.0148492000000009,-0.264963000000003,-0.286692399999999,0.133461000000001,0.536165800000001,-0.329724400000006,0.311808600000002
1.052817,-0.621014,0.523617,0.0144535836292342,0.0150836526637225,-0.99748329079878,0.0677544236181654,1,0.264861999999998,0.466946000000004,-1.006583,-0.255341999999997,-1.38890999999999,-0.756574000000003,1.74,0.946981999999999,1.901054,-0.329290000000002,0.420597000000004,0.724062999999998,0.972038000000005,-0.527522000000001,-0.0285940000000004,-0.305769000000003,-0.269370999999998,0.149268,0.556825000000004,-0.412309000000005,0.334884000000001
1.0559364,-0.6155714,0.5177154,0.0126084942949195,0.0208836361610162,-0.99814270882253,0.0558214334886889,1.0000018,0.239340399999998,0.522362600000003,-0.973047199999998,-0.216137999999998,-1.28744639999999,-0.799013800000003,1.7405976,0.9398126,1.8931478,-0.362361400000002,0.470833800000003,0.701120799999999,1.0362236,-0.543389600000001,-0.0348712000000004,-0.351625800000003,-0.245075199999999,0.1550862,0.609283600000003,-0.477274000000004,0.343743000000001
1.0586336,-0.6103536,0.5127084,0.0104952988467712,0.0245330063884161,-0.998498755203599,0.0478353024086346,1.0006524,0.219685799999999,0.565436800000001,-0.944818599999999,-0.166264399999995,-1.19083379999999,-0.832455800000001,1.7408752,0.932938,1.8807464,-0.388750400000001,0.5058134,0.676594199999998,1.0818496,-0.5524236,-0.0383317999999999,-0.389392600000001,-0.224495799999999,0.163931600000001,0.657982200000003,-0.525362200000001,0.3487192
1.0604864,-0.6055854,0.5094906,0.00784961474857437,0.0238872882709129,-0.998542348597105,0.0477593871981094,1.0026006,0.211765199999999,0.583826200000001,-0.927204399999999,-0.0950515999999953,-1.10392319999999,-0.847902200000001,1.7405128,0.926653,1.8593546,-0.401774600000001,0.5102786,0.648898799999998,1.0903564,-0.5477904,-0.0361591999999999,-0.410979400000001,-0.211349199999999,0.178831400000001,0.699160800000003,-0.539696800000001,0.3459298
1.0619152,-0.6019356,0.50811,0.00663060077096902,0.0195542399033416,-0.998328490737444,0.0539804725536465,0.999172,0.2127614,0.575694799999999,-0.9221674,-0.0159891999999943,-1.030969,-0.856817,1.7335492,0.9234156,1.840456,-0.419248000000001,0.503397799999999,0.620878599999998,1.09992,-0.524933599999998,-0.0426526000000007,-0.4179222,-0.211919800000001,0.191312400000001,0.719819800000001,-0.551052200000001,0.345
1.063132,-0.598845,0.507648,0.00612424114275884,0.0133755266630298,-0.99788329177905,0.0633444941973591,0.993054999999999,0.218216000000001,0.554302999999997,-0.923419000000001,0.0669980000000053,-0.964992999999997,-0.862466,1.723285,0.921702,1.822804,-0.438946000000002,0.490843999999999,0.592695999999998,1.110012,-0.492964999999996,-0.0534790000000017,-0.417542999999999,-0.219349000000001,0.202584,0.730218999999999,-0.560918,0.345
1.06399,-0.5974026,0.5099436,0.00829341095240102,0.00637619538545345,-0.996927471423137,0.0776284753750288,0.976501599999999,0.228148400000001,0.508587199999997,-0.931115800000001,0.141860600000005,-0.919364799999997,-0.8605826,1.7055646,0.9171492,1.8134476,-0.464352400000002,0.477033799999999,0.571343799999998,1.1271306,-0.431905999999995,-0.0770134000000017,-0.401151599999999,-0.238888000000001,0.1978854,0.713198799999999,-0.562889,0.345
1.064798,-0.5962584,0.5126652,0.0107244243381493,-0.000749835639286821,-0.995678687121426,0.0922408612345043,0.957754599999998,0.239545200000001,0.463755999999997,-0.940815800000001,0.210698200000004,-0.879579999999998,-0.856641199999999,1.6872928,0.9128458,1.805166,-0.490908400000002,0.464046199999999,0.552317599999999,1.1469206,-0.365007399999994,-0.105131800000003,-0.381693399999998,-0.261366600000002,0.186148999999998,0.691863599999998,-0.561212799999999,0.345
1.065506,-0.5957106,0.5162388,0.0136807563366526,-0.0081268586997054,-0.994074908044666,0.107526128311777,0.934620399999998,0.253870800000001,0.420693999999997,-0.954522200000001,0.267485800000004,-0.851481999999998,-0.848583799999999,1.6679182,0.9090412,1.799034,-0.519763600000002,0.452703799999999,0.537943399999999,1.1720534,-0.286429599999995,-0.142418200000002,-0.356101599999998,-0.289724400000002,0.160336999999998,0.661898399999998,-0.552242199999999,0.345
1.0655192,-0.5961708,0.5197092,0.0159571232005252,-0.013836891870529,-0.992215801787014,0.122726172134065,0.918755399999999,0.263735200000001,0.394429999999999,-0.969563400000001,0.310782600000003,-0.8375504,-0.835840399999999,1.6567184,0.906069,1.7942204,-0.545253600000002,0.4465854,0.526745999999999,1.189849,-0.223766199999996,-0.178899000000003,-0.327284999999998,-0.311977400000002,0.134415399999998,0.631835599999998,-0.542134799999999,0.345
1.065185,-0.597135,0.523128,0.0178914975190524,-0.01871147449008,-0.990112192796473,0.13786812798719,0.906525,0.271369,0.376565,-0.985272000000001,0.347334000000002,-0.830702,-0.820753999999999,1.649606,0.903513,1.790066,-0.569061000000002,0.443079,0.517136999999999,1.203976,-0.169059999999998,-0.214977000000002,-0.296855999999998,-0.331178000000001,0.108438999999998,0.601723999999999,-0.531459,0.345
1.064261,-0.5998248,0.525039,0.0186505746624618,-0.0211249632343934,-0.987602022108428,0.15442842329199,0.899927999999999,0.2717122,0.375998,-1.0022916,0.376269000000002,-0.8346632,-0.802611199999999,1.6484912,0.9020556,1.786979,-0.591007800000002,0.449034000000001,0.503847599999999,1.1956834,-0.148166199999998,-0.240550200000002,-0.266341199999997,-0.341304800000001,0.0873237999999982,0.581390599999998,-0.524848199999999,0.345
1.0631536,-0.6031152,0.52611,0.0190939346962325,-0.0231606382408349,-0.984708510060729,0.171604652349731,0.892949999999999,0.2707382,0.378775600000001,-1.021225,0.403150600000002,-0.839598400000001,-0.784562799999999,1.6478512,0.9010372,1.7833998,-0.612276200000001,0.458492600000001,0.490357399999999,1.1790128,-0.1344894,-0.261161200000001,-0.236284799999998,-0.351149000000001,0.0659893999999984,0.5662038,-0.519784,0.3450372
1.0616794,-0.6076068,0.525501,0.018910265845497,-0.0244454314541896,-0.981288300267415,0.190047611100372,0.885209999999999,0.2671298,0.388242400000001,-1.043986,0.425925400000002,-0.8464816,-0.766703199999999,1.6481608,0.9008968,1.7788362,-0.632187800000001,0.474958400000001,0.476465599999999,1.1455862,-0.1352466,-0.271847800000001,-0.207145199999998,-0.360428000000001,0.0442165999999986,0.5613102,-0.517813,0.3451488
1.0601008,-0.6120728,0.5243116,0.0171413518260321,-0.0262199700155123,-0.977236039125257,0.209829480923777,0.872910399999999,0.2644254,0.403208000000001,-1.0762334,0.444217400000001,-0.8463208,-0.746694799999998,1.6472636,0.9034796,1.7686182,-0.649172200000001,0.491449400000001,0.462690599999999,1.0947504,-0.130845399999999,-0.2793628,-0.175967199999997,-0.368053400000001,0.012166199999997,0.5627206,-0.5168176,0.344858
1.05847,-0.616526,0.522832,0.0145757440734419,-0.0282324412306929,-0.972618650961482,0.230224752684691,0.858330999999999,0.262173,0.420923000000002,-1.113224,0.460268,-0.842637999999999,-0.725611999999998,1.645763,0.907424,1.755573,-0.664693,0.507953000000001,0.448973999999999,1.03520999999999,-0.123864999999999,-0.285292,-0.143769999999998,-0.374852,-0.0250230000000033,0.567283000000001,-0.51631,0.344366
1.0570222,-0.621779000000001,0.5197528,0.00979177337189556,-0.030083982111705,-0.967938907800421,0.249185364659853,0.844561599999999,0.2607078,0.451018400000003,-1.159844,0.4626572,-0.822366399999998,-0.704416399999998,1.6544384,0.913736600000001,1.7365866,-0.670855600000001,0.519231800000001,0.437554199999999,0.954232799999993,-0.113961399999999,-0.2834932,-0.112854999999997,-0.381074000000001,-0.071850000000004,0.586063000000002,-0.5189686,0.3438674
1.0559056,-0.6273744,0.516161,0.00463085376689194,-0.0315784842396512,-0.963136836835185,0.267111939189602,0.832184999999999,0.258879,0.484039600000003,-1.2066162,0.461657399999999,-0.795902399999997,-0.685951399999999,1.667886,0.920936800000001,1.7168016,-0.6754506,0.529345800000001,0.427586999999999,0.872069199999994,-0.103929199999999,-0.2802194,-0.0830427999999979,-0.389048600000001,-0.120179600000004,0.608117400000002,-0.5219462,0.3435332
1.0554514,-0.633654600000001,0.511544,-0.00127831990175366,-0.0323727061064133,-0.958547783677226,0.283083945509198,0.822593999999999,0.256323,0.522912400000003,-1.2536928,0.453879599999999,-0.757053599999997,-0.672947599999999,1.690878,0.929912200000001,1.6954194,-0.6769104,0.537130200000001,0.420524999999999,0.787532799999992,-0.0936397999999991,-0.273995599999999,-0.0554361999999975,-0.400528400000001,-0.171514400000005,0.636720600000003,-0.5255618,0.3435278
1.055158,-0.641315200000001,0.505869799999999,-0.00683777051356414,-0.0322102646520406,-0.954015775400673,0.297942350182217,0.808499399999999,0.2545506,0.564582000000003,-1.299641,0.429229399999997,-0.695683999999994,-0.677922200000001,1.7118088,0.941132800000001,1.679746,-0.6786622,0.5426878,0.416805,0.714333599999994,-0.0799695999999988,-0.261566199999999,-0.0253895999999975,-0.421093800000002,-0.225630000000004,0.669862200000003,-0.535571800000001,0.3439528
1.054945,-0.649666000000001,0.499666999999999,-0.0122212485884362,-0.0315660591916001,-0.949409626473976,0.312210804022854,0.792152999999997,0.253169999999999,0.607650000000004,-1.345025,0.396142999999991,-0.62305399999999,-0.691886000000004,1.731709,0.953476,1.666927,-0.680560000000002,0.547132,0.414755999999999,0.646802999999997,-0.0646089999999993,-0.246033999999997,0.00587700000000469,-0.446202000000001,-0.281136000000006,0.705273000000001,-0.548779000000003,0.344593
1.0540996,-0.659822200000001,0.493551199999999,-0.0162855712318299,-0.0278430059673669,-0.943848256964398,0.328800874411278,0.757878599999997,0.246781199999999,0.649002000000004,-1.383248,0.297393199999992,-0.514399999999991,-0.738957200000004,1.738975,0.9554236,1.6753144,-0.696049000000001,0.5437648,0.406837799999999,0.611491799999997,-0.0575505999999994,-0.209366799999997,0.0553992000000042,-0.458809800000001,-0.343377600000005,0.717152400000001,-0.580378600000003,0.3448378
1.053493,-0.670246600000001,0.4878708,-0.0193137934447033,-0.0231028255607379,-0.937465540881361,0.346773119624205,0.717578999999996,0.237468799999999,0.686972200000002,-1.4134684,0.167673599999985,-0.409906199999993,-0.797362000000006,1.7430552,0.950275399999999,1.6903146,-0.718249800000003,0.536327399999999,0.394391599999998,0.5898468,-0.0509781999999996,-0.166231799999996,0.110768600000005,-0.461937399999999,-0.404909800000005,0.714268399999998,-0.608761000000002,0.3450062
1.053364,-0.681207400000001,0.4830612,-0.0202719129408459,-0.0163362246055893,-0.929632346702547,0.36756751390142,0.665228999999995,0.222309199999999,0.718178800000003,-1.4276836,-0.0239856000000173,-0.313732799999991,-0.878434000000007,1.7407638,0.930935599999998,1.7185404,-0.753874200000003,0.520749599999999,0.372889399999998,0.595534200000001,-0.0453777999999995,-0.110161199999995,0.177832400000006,-0.446104599999999,-0.465023200000005,0.681857599999997,-0.630709000000002,0.3450218
1.0536926,-0.693949400000001,0.4786168,-0.0204940502105189,-0.00888960250950571,-0.918942576584616,0.393758186979292,0.606754599999995,0.202636799999998,0.755133400000003,-1.415366,-0.25025760000002,-0.264130199999998,-0.976091200000008,1.74,0.898700199999997,1.7418514,-0.804170200000005,0.496693399999998,0.340776799999997,0.630606000000004,-0.0382949999999994,-0.0623025999999965,0.254535000000007,-0.407040999999996,-0.504827400000002,0.628277999999995,-0.617928199999998,0.3450162
1.05425,-0.707582000000001,0.474355,-0.020334033801984,-0.00109921805943786,-0.906195768280291,0.422367787999856,0.545217999999994,0.180707999999999,0.794962000000005,-1.38978199999999,-0.493836000000021,-0.237813000000005,-1.08204100000001,1.74,0.860016999999998,1.762705,-0.861802000000004,0.468397999999996,0.303358999999998,0.680370000000006,-0.0304709999999987,-0.0185499999999979,0.336057000000008,-0.356361999999995,-0.534477,0.564113999999994,-0.58778299999999,0.345
1.0557584,-0.722863400000001,0.473062,-0.0205637782982779,0.00340844423208583,-0.890074321110834,0.455338573403467,0.482030799999995,0.171076199999999,0.852135400000005,-1.3373348,-0.714841800000019,-0.291587400000005,-1.18760860000001,1.74,0.837766599999998,1.7455924,-0.907310200000004,0.428343199999997,0.278770399999998,0.740988600000005,-0.0165533999999988,0.00391100000000191,0.419707800000007,-0.301841799999995,-0.5323374,0.503924999999995,-0.481315399999991,0.345
1.057021,-0.738602800000002,0.4734502,-0.0216302280756223,0.00705725370735209,-0.87279398255132,0.487558193886343,0.421902799999995,0.167117400000001,0.913098200000007,-1.28227939999999,-0.919659400000017,-0.365651200000011,-1.28381380000001,1.7423574,0.826830200000001,1.70878419999999,-0.941522200000001,0.388963399999996,0.2619496,0.796327400000004,-0.00777200000000015,0.0265444000000023,0.497169400000006,-0.254768999999997,-0.518928199999996,0.459769199999999,-0.358732799999985,0.345
1.057792,-0.755258200000001,0.4772008,-0.0243972033207489,0.00898835613354178,-0.85445943243563,0.518867096900472,0.367893199999995,0.174504600000001,0.981639800000006,-1.22200759999999,-1.09210060000002,-0.48029380000001,-1.36129420000001,1.7494296,0.838521800000001,1.63258479999999,-0.953141800000001,0.350933599999997,0.2606644,0.841106600000004,-0.00926300000000013,0.0495226000000021,0.562252600000006,-0.222590999999997,-0.482979799999997,0.447679799999999,-0.203920199999986,0.345
1.056957,-0.770887200000002,0.484208600000001,-0.0303319438804656,0.00989783519697761,-0.835405107978634,0.548707856333452,0.313045599999994,0.196171800000003,1.04316300000001,-1.15581539999999,-1.24515060000001,-0.628782000000017,-1.4028106,1.740801,0.873832600000005,1.52955059999999,-0.942219399999998,0.316439799999997,0.265644400000001,0.870850600000002,-0.022236800000002,0.0767776000000031,0.589958600000001,-0.191622999999997,-0.414914199999991,0.495543600000008,-0.0791971999999886,0.345
1.055319,-0.786003000000002,0.492845000000001,-0.0378278616767159,0.0102896903606595,-0.815482460345041,0.577452623184662,0.257778999999993,0.224979000000004,1.101177,-1.08666299999999,-1.38850500000001,-0.794193000000018,-1.426345,1.72432199999999,0.920953000000008,1.41309899999999,-0.920025999999996,0.283713999999997,0.273757,0.893077000000001,-0.0409520000000025,0.106171000000002,0.598975999999996,-0.161259999999997,-0.330789999999994,0.573384000000017,0.0304810000000045,0.345
1.0520508,-0.802266600000001,0.502043600000001,-0.0500709918167417,0.00839207102753031,-0.791596847053044,0.608930949006566,0.185814399999994,0.271239600000004,1.1470446,-0.989383199999992,-1.51372620000001,-0.980179800000016,-1.4095762,1.64817359999999,1.00749760000001,1.28894699999999,-0.882707799999997,0.252037599999997,0.2701204,0.905041000000001,-0.0675086000000023,0.129723400000002,0.557577199999996,-0.130247199999997,-0.264284199999994,0.748989000000015,0.077869000000004,0.345
1.0490276,-0.818643400000002,0.511172800000001,-0.0622252050362316,0.0059532480302784,-0.765892090808801,0.639923345356779,0.109938599999992,0.321506200000006,1.1850876,-0.878375199999986,-1.62757820000001,-1.15714660000002,-1.3861046,1.55430059999999,1.11099700000001,1.16576199999999,-0.843325599999996,0.221416199999997,0.264431999999999,0.9140134,-0.0928516000000023,0.149624600000001,0.501795999999992,-0.105324599999999,-0.216559199999999,0.943199800000023,0.114538400000002,0.345
1.0464944,-0.835246600000002,0.520163200000001,-0.0742586064031933,0.00245005400138058,-0.737857062993071,0.670855134288831,0.0262403999999925,0.379784800000005,1.2074814,-0.739910799999988,-1.71869180000001,-1.31607340000001,-1.3492274,1.42497839999999,1.24840600000001,1.04451099999999,-0.799815399999996,0.192904799999997,0.254639999999999,0.9170026,-0.115767400000002,0.162223400000001,0.417249999999992,-0.0925823999999989,-0.206395799999999,1.17462220000002,0.129770600000001,0.345
1.04482,-0.850825800000002,0.531360400000001,-0.0863344818645425,-0.00173020465241885,-0.709438048026307,0.699457661081544,-0.046416200000007,0.440722200000007,1.2190932,-0.576589199999982,-1.7736578,-1.43877860000001,-1.28865579999999,1.29046779999999,1.39525660000002,0.918731199999987,-0.747714399999994,0.170495799999998,0.2486764,0.900237399999997,-0.131356400000001,0.172663400000001,0.316271999999989,-0.103276200000002,-0.222403200000003,1.40474060000002,0.156691600000003,0.345
1.043575,-0.865893000000001,0.543661000000001,-0.0983501189624247,-0.00624372210517069,-0.680276814860878,0.726300024230407,-0.113552000000006,0.502989000000008,1.225314,-0.400838999999977,-1.81055,-1.543373,-1.21623699999998,1.15336299999999,1.546828,0.79068699999999,-0.691317999999994,0.151138000000001,0.244626999999997,0.873594999999997,-0.143282000000001,0.182024,0.207077999999987,-0.125688000000003,-0.251495999999999,1.63420700000002,0.189457000000001,0.345
1.0400062,-0.880755600000002,0.556237000000001,-0.120565058100196,-0.00966061425000942,-0.647558175743685,0.752355732566131,-0.176282000000007,0.587043600000009,1.2175122,-0.161066399999974,-1.7811038,-1.5477188,-1.00598199999998,1.02373239999999,1.56496,0.685403799999988,-0.625806399999993,0.157939000000001,0.217114599999997,0.845623599999997,-0.150974600000001,0.1791146,0.0749261999999856,-0.157846200000004,-0.246500399999999,1.82886740000002,0.203183800000001,0.345
1.0361458,-0.895802200000002,0.567995200000001,-0.145577682763823,-0.0125398136685927,-0.613477033224388,0.776077200451396,-0.232291600000004,0.669514000000008,1.2116496,0.0854466000000259,-1.74383339999999,-1.5361816,-0.76391659999997,0.909934799999992,1.54496859999999,0.595927599999994,-0.560871799999994,0.175789600000004,0.189887799999997,0.820700999999998,-0.158505600000001,0.172713399999999,-0.0644394000000153,-0.188181000000003,-0.224424599999994,1.99884200000001,0.214669400000001,0.345
1.0317022,-0.911216800000001,0.578117800000001,-0.176362599592529,-0.0143558412329291,-0.578057720848535,0.796579823153247,-0.274860400000004,0.748816000000007,1.2096654,0.345440400000023,-1.6909146,-1.4928784,-0.458230399999973,0.827803199999993,1.44873039999999,0.538065399999995,-0.497091199999994,0.215739400000004,0.163232199999998,0.801875999999998,-0.165713400000001,0.159328599999999,-0.218232600000014,-0.214869000000002,-0.168188399999995,2.11944500000001,0.221672600000001,0.345
1.0270242,-0.927167000000002,0.585928800000001,-0.206719806836601,-0.01199259429533,-0.545300013408128,0.812262885105925,-0.308773200000003,0.804142400000005,1.2102972,0.594052200000025,-1.6426494,-1.4474176,-0.151254599999968,0.811175600000002,1.31899979999998,0.502158399999997,-0.447917399999996,0.273742000000007,0.145765399999999,0.790261399999999,-0.174006400000001,0.140494999999998,-0.39745860000002,-0.228616200000001,-0.0767789999999886,2.1819448,0.228835400000001,0.345
1.022229,-0.943385000000002,0.592584000000001,-0.236646081297296,-0.00753192044284383,-0.513443407679324,0.82481377867475,-0.338358000000003,0.847481,1.212237,0.83697300000002,-1.596711,-1.400878,0.156366000000022,0.827300000000011,1.17252299999999,0.477228999999998,-0.406046999999998,0.340771000000006,0.132893,0.782251999999998,-0.182842000000001,0.118936999999998,-0.58940100000002,-0.235892999999999,0.0322170000000122,2.21539299999999,0.236078000000001,0.345
1.0167372,-0.960818600000002,0.598234800000001,-0.255789231944273,0.00328773532176746,-0.492555088389426,0.831835647540725,-0.365956800000003,0.8503592,1.2180588,1.04956860000002,-1.5688908,-1.3811926,0.392469000000026,0.947128400000013,1.04786579999999,0.458325399999998,-0.384159599999998,0.406004200000007,0.1348766,0.756865999999997,-0.190412200000001,0.0954079999999974,-0.805403400000024,-0.224860199999999,0.161242200000014,2.15439099999999,0.251103800000002,0.3450048
1.0099438,-0.980401200000002,0.603420400000001,-0.270884702368778,0.0146578472693843,-0.475702015423962,0.836728282094962,-0.400403000000005,0.851959,1.221552,1.24551240000002,-1.5434808,-1.3595034,0.619350600000021,1.08170340000002,0.918780999999986,0.441588799999999,-0.363655599999998,0.465268400000005,0.128735599999998,0.729970399999997,-0.198019600000001,0.0719975999999977,-1.01933980000002,-0.212652999999999,0.28185000000001,2.06572319999999,0.263601000000001,0.3450002
1.0005472,-1.0042818,0.607675600000001,-0.278244789297238,0.0271302929979737,-0.467630124728653,0.838549849965429,-0.448544000000005,0.851002,1.220388,1.40815260000002,-1.5228912,-1.3338066,0.827789400000024,1.24577160000002,0.780840999999984,0.429186199999999,-0.345918399999998,0.512594600000005,0.106345399999997,0.700055599999997,-0.205701400000001,0.0488243999999974,-1.22914420000002,-0.198096999999998,0.385623000000012,1.92172379999998,0.271041000000001,0.3449768
0.992723399999999,-1.0305844,0.612014800000001,-0.275824997410582,0.0365436691280294,-0.472007505992088,0.836536936026881,-0.487427400000004,0.8512882,1.22,1.50886640000001,-1.5161,-1.3320078,0.989062600000014,1.40597900000002,0.627190999999983,0.413592799999998,-0.315872399999996,0.535953600000001,0.0964943999999996,0.660574399999995,-0.214912800000001,0.0251867999999975,-1.40160220000002,-0.200229400000001,0.474010000000008,1.65978759999997,0.2723818,0.3449718
0.985686,-1.058098,0.616396,-0.268485343887596,0.044422998874103,-0.482556889942331,0.832514903925314,-0.521682000000002,0.852196,1.22,1.578617,-1.516208,-1.342158,1.12675300000001,1.56425600000001,0.465685999999983,0.396403999999992,-0.279671999999992,0.547328999999998,0.0929130000000043,0.616309999999994,-0.224889000000001,0.00131699999999769,-1.55538700000001,-0.210706000000002,0.554704000000006,1.33888299999996,0.270672999999997,0.344976
0.9889572,-1.0820158,0.6211288,-0.257574073576903,0.0428201648713949,-0.504126238497919,0.823212466960581,-0.538969800000002,0.8525938,1.22,1.577243,-1.5127892,-1.38754260000001,1.18396060000001,1.65561140000001,0.28178239999998,0.313071799999991,-0.195266399999991,0.529168199999998,0.138792000000005,0.548571799999993,-0.230909400000001,-0.0230490000000027,-1.62389560000001,-0.233177800000002,0.613600000000006,0.904890999999953,0.236478999999996,0.3475326
0.994076200000001,-1.1029748,0.6248322,-0.246829359558287,0.0393547264686819,-0.524927072463535,0.813620329981671,-0.554495200000001,0.852882,1.22,1.5750616,-1.5074082,-1.429921,1.22299,1.7242648,0.106006199999984,0.22338319999999,-0.112659599999992,0.507222599999997,0.199056400000009,0.488032799999995,-0.2356122,-0.0443702000000015,-1.6808458,-0.2496398,0.644110599999997,0.511020199999969,0.201846399999996,0.346354799999999
1.0028908,-1.1180162,0.6264768,-0.236605163388291,0.0321964267090021,-0.544530978506823,0.804031964670295,-0.566495800000001,0.852951,1.22,1.5712654,-1.4981028,-1.466287,1.225663,1.7475142,-0.0535152000000182,0.120981799999988,-0.033650399999991,0.477707399999997,0.28809160000001,0.441892199999995,-0.2376798,-0.0596018000000017,-1.7146792,-0.2540822,0.617850399999997,0.197391799999964,0.166336599999996,0.337708199999999
1.0075394,-1.1291624,0.6249922,-0.232221954053031,0.0252974438036447,-0.556523934661067,0.797316821308918,-0.578308000000001,0.8530216,1.22,1.57,-1.4842518,-1.4829922,1.2239324,1.7491584,-0.153425800000007,0.0469751999999938,0.0219060000000046,0.464049399999999,0.386380800000011,0.4265552,-0.2400326,-0.0587881999999991,-1.7582362,-0.239589799999997,0.575453799999995,0.0907777999999997,0.150781999999999,0.318434399999997
1.010105,-1.138361,0.621942999999999,-0.230781946116057,0.0185322290311911,-0.564759030743178,0.792113304412978,-0.590026000000001,0.853093,1.22,1.57,-1.468128,-1.489867,1.22,1.74,-0.223531,-0.0128339999999993,0.0657360000000008,0.458320000000002,0.489297000000011,0.426620000000002,-0.242528000000001,-0.0499519999999959,-1.80665500000001,-0.215629999999995,0.524989000000001,0.0876710000000245,0.145205000000006,0.293846999999999
1.0053284,-1.143944,0.615769599999999,-0.231831737440099,0.0195500341225268,-0.563414825929873,0.792739286022664,-0.597456400000001,0.8532094,1.22,1.57,-1.457274,-1.47958,1.22,1.74,-0.2210602,-0.00707159999999937,0.0723396000000007,0.471665200000001,0.58269660000001,0.442253000000002,-0.252008600000001,-0.0150367999999962,-1.87102060000001,-0.169770799999995,0.537279400000001,0.294278600000023,0.193144400000005,0.281072399999999
0.999979999999999,-1.1470422,0.6105528,-0.235931890645373,0.0237257555577513,-0.557625202142532,0.795504472291145,-0.610007600000003,0.8532814,1.22,1.57,-1.4434088,-1.4718736,1.220086,1.74,-0.198545199999992,-0.00291099999999988,0.0707633999999978,0.494318000000005,0.641514399999999,0.457816000000002,-0.264587600000002,0.0187152000000039,-1.9265136,-0.130708399999997,0.564018000000007,0.51195740000003,0.239658800000005,0.277597600000002
0.993487999999999,-1.1451708,0.6072492,-0.246058340864115,0.0342091259188786,-0.542771698723214,0.802299141006758,-0.632800400000003,0.8532646,1.22,1.57,-1.4235212,-1.4693284,1.220344,1.74,-0.135941799999993,-0.00195399999999989,0.052827599999998,0.535586000000005,0.631168599999999,0.473239000000002,-0.283363400000002,0.0501408000000036,-1.9642614,-0.105239599999997,0.619653000000006,0.751778600000027,0.283323200000005,0.292722400000002
0.9887952,-1.1413638,0.6039744,-0.25374979628162,0.0447322026346006,-0.52690278074303,0.809928102105215,-0.655866000000003,0.8530998,1.22,1.57,-1.4047132,-1.4680988,1.2203424,1.7403184,-0.0689027999999928,-0.0073942000000009,0.0272937999999969,0.571629600000003,0.581506399999993,0.488130000000002,-0.299475200000002,0.0681568000000012,-1.9791744,-0.0962379999999999,0.6398856,0.929965000000015,0.318922400000003,0.314012400000003
0.985002,-1.136589,0.600714,-0.260159680118566,0.0552616410396447,-0.510400809313377,0.817773871997914,-0.679068000000003,0.852861,1.22,1.57,-1.386445,-1.467527,1.220211,1.740796,0.000353999999998408,-0.0160329999999949,-0.00203900000000498,0.605061000000003,0.51218599999999,0.502755000000004,-0.314255000000002,0.0794679999999995,-1.98267,-0.0954700000000062,0.642416999999991,1.07733400000001,0.350488999999995,0.338384999999998
0.9837312,-1.1341338,0.5982018,-0.263896149172288,0.0617174802354492,-0.494622995485007,0.825771074464869,-0.707095800000003,0.854298,1.22,1.57,-1.344922,-1.4322782,1.216701,1.7489218,-0.0130860000000015,0.0270614000000047,-0.0440582000000046,0.626853000000002,0.425854399999991,0.533241600000003,-0.327248000000001,0.0749871999999995,-1.9513368,-0.147764200000006,0.567012599999992,1.18357180000001,0.304931599999995,0.318571799999998
0.9833568,-1.1324542,0.594869399999999,-0.265352828927112,0.0673297042747743,-0.480292155494864,0.833291085079366,-0.733054600000003,0.852834999999999,1.22,1.57078,-1.30275819999999,-1.38007659999999,1.211419,1.7443812,-0.0537628000000117,0.0970616000000152,-0.0866974000000054,0.6404752,0.352498799999994,0.561204800000003,-0.338415800000001,0.0724726000000002,-1.90904039999999,-0.205514000000008,0.484052399999988,1.28736680000001,0.249753599999991,0.292680599999995
0.9847752,-1.1323258,0.589896599999999,-0.262376559226178,0.0712834398167674,-0.469096168160141,0.840253531616496,-0.754875400000002,0.845571999999999,1.22,1.57312,-1.2593128,-1.29396939999999,1.202593,1.7145078,-0.148913200000011,0.220873400000014,-0.130576600000005,0.6377578,0.305095199999995,0.584121200000003,-0.345933200000001,0.0738904000000002,-1.84481759999999,-0.274175000000008,0.385980599999989,1.38627620000001,0.175334399999992,0.254633399999996
0.9869972,-1.1288286,0.585122999999999,-0.259497406418557,0.0772952566379366,-0.45739065189551,0.84704210693561,-0.775593800000003,0.832189399999998,1.22,1.5794592,-1.21415779999999,-1.19252339999999,1.1860326,1.64150759999999,-0.250808800000013,0.372780400000021,-0.182243400000007,0.631242399999999,0.255198399999993,0.607110400000003,-0.353916200000001,0.0783386000000008,-1.75667559999999,-0.336039600000007,0.277741199999985,1.48603600000001,0.114753599999993,0.227242199999997
0.989621,-1.123647,0.580448999999999,-0.256630993180115,0.0843250974738769,-0.445367543936521,0.853626125469084,-0.795760999999999,0.815746999999998,1.22,1.58779799999999,-1.16814799999999,-1.08340799999999,1.165605,1.54694399999998,-0.356077000000006,0.538735000000015,-0.237804000000001,0.622827999999998,0.204055,0.630136000000001,-0.362132,0.084302000000001,-1.65657399999998,-0.394506,0.164417999999989,1.58622100000001,0.0610919999999996,0.205179000000001
0.993157400000001,-1.1159538,0.575750999999999,-0.254534738477925,0.0847962740241564,-0.448345910244214,0.852647408714107,-0.782935399999998,0.797508799999998,1.22,1.51801679999999,-1.10769199999999,-1.02232079999999,1.12574219999999,1.38463799999998,-0.410943400000007,0.668782600000017,-0.250042800000002,0.606786999999998,0.2035714,0.637871200000001,-0.3637994,0.0924386000000011,-1.51696599999998,-0.393924,0.0678053999999872,1.63039180000001,0.0576317999999995,0.212195400000001
0.996785000000001,-1.1081918,0.5721266,-0.252324070830267,0.0820002435370975,-0.455448501860758,0.849808911163145,-0.763620399999996,0.780778799999998,1.22,1.42023059999998,-1.03038799999999,-0.978284999999999,1.07714159999999,1.21468759999998,-0.450784200000001,0.785930000000011,-0.250689399999997,0.588777799999997,0.214704600000004,0.646841200000001,-0.3654696,0.100301800000001,-1.36926299999998,-0.382024999999996,-0.0244230000000103,1.6684274,0.0505059999999982,0.2171142
1.000595,-1.1002922,0.5706494,-0.249828321143852,0.0726520369670298,-0.470696646217298,0.84306118325942,-0.731326599999996,0.767065199999998,1.22,1.26643439999998,-0.919387999999987,-0.968351999999999,1.01106539999999,1.02944839999998,-0.460573800000001,0.87727700000001,-0.228151599999997,0.566832199999998,0.249071400000004,0.658280800000001,-0.3671454,0.107618200000001,-1.20536999999998,-0.347491999999996,-0.107883000000009,1.6941926,0.0360489999999984,0.2178378
1.0039574,-1.0924606,0.5705426,-0.243224803090407,0.060281058314831,-0.488785208552243,0.835641615209904,-0.698793599999996,0.744599199999997,1.22,1.08936579999998,-0.807340399999986,-0.975297000000002,0.924683599999988,0.849456399999977,-0.446831399999997,0.963392000000011,-0.203278599999997,0.535219399999995,0.289071000000005,0.667532400000001,-0.3677204,0.114827800000001,-1.03844699999998,-0.313324599999996,-0.176803400000008,1.6985938,0.0188347999999976,0.214471399999999
1.007096,-1.084663,0.571121,-0.234455436539235,0.0463732841351982,-0.508062112963262,0.827498070189302,-0.666140999999998,0.717756999999995,1.22,0.900660999999982,-0.694768999999992,-0.990681000000001,0.828148999999976,0.672087999999985,-0.421322999999986,1.04689100000001,-0.177238,0.498772999999994,0.331887000000004,0.67569,-0.367745,0.121984000000001,-0.870008999999981,-0.279339999999998,-0.238454000000005,1.69231299999999,0.000241999999999157,0.20906
1.0098902,-1.0770862,0.5718644,-0.216845030171598,0.036477588347527,-0.523352610437454,0.823255527516536,-0.644923199999997,0.671240799999994,1.22,0.75019839999998,-0.631713799999992,-1.0024134,0.621675199999973,0.549279999999984,-0.299515799999984,1.12810460000001,-0.174352,0.448447399999993,0.364171800000004,0.6748866,-0.3668234,0.128771200000001,-0.709958399999979,-0.259020999999997,-0.284168600000006,1.64947719999999,-0.00687340000000094,0.2109272
1.0123792,-1.0698352,0.5726814,-0.198636468192996,0.0287934418528988,-0.5381419370045,0.818607199361893,-0.625408799999998,0.622892799999994,1.2205092,0.601735599999982,-0.5902962,-1.0200896,0.37659939999996,0.454738399999995,-0.142407599999972,1.20673520000001,-0.177888600000002,0.399503399999994,0.391656000000002,0.672293399999999,-0.3660202,0.134925800000001,-0.554938799999982,-0.237307799999997,-0.329703000000006,1.59538019999999,-0.00941119999999919,0.216368600000002
1.0142578,-1.0632358,0.5736456,-0.179393890907223,0.0255624047624788,-0.552284455816271,0.813723709395058,-0.609301199999998,0.570881199999993,1.2220368,0.45727239999998,-0.5921538,-1.0496534,0.0543195999999557,0.416729599999995,0.0853026000000313,1.28019980000001,-0.194270400000002,0.353322599999994,0.409539000000002,0.666120599999999,-0.3654538,0.139815200000001,-0.40998119999998,-0.212806199999997,-0.374877000000006,1.51876079999999,-0.00279379999999909,0.228958400000002
1.016046,-1.0576704,0.5740974,-0.161575056399059,0.0234428556140108,-0.566748043227849,0.807552220706318,-0.588214399999997,0.523046399999994,1.2230336,0.309238799999981,-0.612331000000004,-1.10382440000001,-0.279749800000043,0.433121200000006,0.331633200000033,1.33620880000001,-0.209862200000002,0.313096199999995,0.426127200000002,0.660743399999999,-0.3660462,0.1433762,-0.274640399999983,-0.181731399999996,-0.409057800000004,1.42649859999999,0.0131580000000026,0.250771400000003
1.017789,-1.052622,0.574293,-0.144431239769031,0.0218735819731352,-0.581219892284331,0.800527701084376,-0.564637999999997,0.477299999999995,1.223765,0.159419999999982,-0.641668000000001,-1.17029900000001,-0.619714000000027,0.476713000000011,0.587274000000018,1.38349,-0.225059000000001,0.275846999999997,0.442068000000002,0.655763999999999,-0.367218,0.146273,-0.144107999999987,-0.147369999999996,-0.437742000000001,1.32641499999999,0.033777000000002,0.277196000000001
1.0189914,-1.0485828,0.5738664,-0.130289423857413,0.0210010419394051,-0.596393690074822,0.791769024847083,-0.534841399999996,0.436808399999995,1.192217,0.00744359999997985,-0.653314600000002,-1.25561480000001,-0.84388840000003,0.572006800000013,0.74031720000002,1.4131834,-0.237411200000002,0.247332599999996,0.456466200000002,0.651730199999999,-0.3696288,0.1473572,-0.0313751999999851,-0.109487799999995,-0.444583200000001,1.20832839999998,0.0506694000000022,0.289539800000002
1.0197508,-1.0448358,0.573171,-0.116347884257681,0.0206190811151422,-0.611316593375649,0.782515204955354,-0.504733799999996,0.397322799999995,1.15106519999999,-0.142104000000018,-0.658184599999999,-1.33864080000001,-1.03119660000001,0.668926600000012,0.862364000000007,1.4413218,-0.250080400000002,0.221472999999997,0.471572800000002,0.6478086,-0.3722772,0.1477302,0.0732938000000109,-0.0751277999999966,-0.4500998,1.09077079999999,0.0585215999999987,0.294858399999999
1.0196242,-1.0416732,0.571938,-0.10288106324555,0.0212292813717829,-0.626038092774434,0.772684353946197,-0.474004199999996,0.359849199999995,1.09070579999999,-0.28679400000002,-0.649501399999999,-1.41708720000001,-1.14477240000002,0.769098400000014,0.922418000000008,1.4663502,-0.263383600000002,0.200922999999997,0.488096200000002,0.644111399999999,-0.3754008,0.1466808,0.161835200000012,-0.0478121999999962,-0.4529672,0.974271199999984,0.0482933999999986,0.286126599999999
1.018902,-1.0392566,0.5706074,-0.0902535719496076,0.02331915230829,-0.641434082243491,0.76149381351552,-0.442834599999996,0.327405599999996,1.03178039999999,-0.428255600000018,-0.649774600000001,-1.48987680000001,-1.21757300000001,0.860461400000011,0.953086400000002,1.4956622,-0.276971200000002,0.185496199999998,0.503677600000002,0.639285399999999,-0.3783344,0.143068999999999,0.232739000000008,-0.0342201999999991,-0.467860200000003,0.873865599999988,0.0221607999999956,0.272626399999998
1.017882,-1.037213,0.569228,-0.0780228236177894,0.0261416007002695,-0.656977833488353,0.749405886027382,-0.411444999999994,0.297476999999997,0.973571999999995,-0.568103000000021,-0.654526000000003,-1.55983800000001,-1.269986,0.947420000000011,0.969062000000001,1.527116,-0.290701000000001,0.172630999999999,0.518788000000003,0.633894999999999,-0.381173,0.138175999999999,0.294824000000005,-0.0274900000000022,-0.488766000000003,0.781506999999993,-0.0119240000000051,0.256741999999999
1.0167588,-1.0360898,0.5687186,-0.0691815331323986,0.0284763136789325,-0.67723073388294,0.731957340366967,-0.371301999999995,0.276611999999997,0.941731199999996,-0.714323000000019,-0.677996200000003,-1.63766400000001,-1.2921842,1.02647240000001,0.974886800000001,1.5611288,-0.296497000000001,0.167763799999999,0.537508000000003,0.627854799999999,-0.3820448,0.130630999999999,0.329705600000005,-0.0430408000000021,-0.510802200000003,0.730340799999993,-0.0481268000000048,0.248830999999999
1.0148452,-1.0355354,0.5681524,-0.0618594384157831,0.0301684418377283,-0.697389721428317,0.713379878775748,-0.330430999999995,0.259482199999999,0.910631399999996,-0.855133800000016,-0.6934788,-1.71228000000001,-1.3085504,1.10060740000001,0.977020599999999,1.5932946,-0.298338599999999,0.166624600000001,0.555931600000002,0.6232784,-0.382203,0.123633799999999,0.357253200000002,-0.0620884000000032,-0.528364000000001,0.690324399999998,-0.0794012000000026,0.240850399999999
1.0113508,-1.0361186,0.5674726,-0.0576346601877378,0.0305958400685319,-0.717862255578804,0.693120424263242,-0.288103999999994,0.249822799999999,0.881013599999996,-0.985126200000018,-0.6929862,-1.78047600000001,-1.3132526,1.16490760000001,0.971772399999999,1.6217664,-0.292271399999999,0.172941400000001,0.573762400000003,0.6216296,-0.380934,0.117732199999999,0.370132800000002,-0.0881296000000036,-0.536977000000001,0.672607599999998,-0.100818800000003,0.232730599999999
1.0068652,-1.037023,0.5669476,-0.055703904560847,0.0305068424970334,-0.737561710441015,0.672286494635183,-0.248095399999995,0.246655,0.841835399999994,-1.09661900000001,-0.668279999999995,-1.83509440000001,-1.306842,1.21554420000001,0.962305799999998,1.6456218,-0.281759399999998,0.184673000000002,0.589950000000002,0.6214728,-0.3783602,0.113092999999999,0.370617599999999,-0.115772800000004,-0.542414800000001,0.6657892,-0.114166400000001,0.224732399999999
1.001884,-1.038088,0.5665,-0.054898737895376,0.030147462892188,-0.756571138185709,0.650905040634223,-0.209245999999994,0.246733000000001,0.797876999999992,-1.19886200000001,-0.631466999999992,-1.882924,-1.294875,1.259349,0.950729999999998,1.667169,-0.269024999999998,0.199112000000002,0.605316000000002,0.622062,-0.375134,0.109084999999999,0.364904999999997,-0.144217000000004,-0.546265000000001,0.66442,-0.123479000000001,0.216795
0.996697599999999,-1.03888,0.56617,-0.0548602072215832,0.0285349358894719,-0.775976700389864,0.627723088271769,-0.167227999999994,0.2503456,0.738514199999992,-1.27709480000001,-0.573363599999992,-1.9148152,-1.2716094,1.2881022,0.939617999999999,1.6820046,-0.252520799999998,0.213945800000002,0.621394200000002,0.6221364,-0.3717674,0.103937599999999,0.343876799999997,-0.174179800000004,-0.556673800000001,0.660705399999999,-0.129515000000001,0.2165334
0.991724199999999,-1.0393058,0.5659484,-0.054551425421994,0.0263983866528516,-0.79566131896483,0.602702524193903,-0.121708999999992,0.253611,0.67712479999999,-1.34699100000001,-0.51092879999999,-1.9461526,-1.2454272,1.316016,0.930029399999999,1.6951694,-0.235762199999997,0.227675200000002,0.638981200000003,0.6219578,-0.3684948,0.0980619999999989,0.317770599999995,-0.205223400000005,-0.565851400000001,0.652765399999998,-0.135802800000001,0.2170784
0.987176799999999,-1.0389992,0.5659436,-0.0537410570031821,0.0232364396560022,-0.816425331687668,0.574475103414391,-0.0691879999999928,0.256182,0.611682199999991,-1.40021400000001,-0.43983119999999,-1.9763824,-1.2134118,1.342251,0.923487599999999,1.7049926,-0.218494799999998,0.239195800000002,0.659585800000003,0.6212732,-0.3654102,0.090729999999999,0.281508399999995,-0.238428600000005,-0.572566600000001,0.636374599999998,-0.142594200000001,0.2192366
0.982970999999999,-1.0378098,0.5660444,-0.0519733695425198,0.0191962483518335,-0.836489876913526,0.545174246208316,0.00210180000001223,0.259975400000001,0.543026399999989,-1.4153122,-0.358661999999987,-1.9976758,-1.17571479999999,1.3677944,0.925276200000001,1.7116758,-0.198307799999997,0.248458000000001,0.686555200000005,0.6221842,-0.358911599999999,0.0758835999999972,0.229083399999991,-0.265717800000004,-0.563896599999998,0.609841399999995,-0.153082400000002,0.227859600000002
0.978935999999999,-1.036179,0.566198,-0.0496931288123508,0.0147065178551277,-0.855629309234583,0.514988151766783,0.0827760000000147,0.264380000000001,0.47276399999999,-1.41134799999999,-0.272456999999987,-2.014501,-1.13517699999999,1.392992,0.931230000000003,1.716789,-0.176660999999996,0.256591000000001,0.716707000000006,0.623893000000001,-0.350705999999998,0.0572799999999949,0.168576999999989,-0.290049000000001,-0.547533999999993,0.578236999999994,-0.165419000000002,0.239715000000004
0.974927399999999,-1.0335036,0.5659148,-0.0465243325758528,0.00934336474884812,-0.872794423882621,0.48577575243413,0.186189600000014,0.271314200000001,0.39923339999999,-1.34921019999999,-0.181572599999988,-2.0160682,-1.09796919999999,1.4155484,0.949698000000002,1.7192274,-0.151842599999997,0.264044800000001,0.758222200000006,0.628575400000001,-0.334993199999998,0.0212901999999952,0.0903597999999896,-0.299193600000001,-0.500009199999994,0.538747399999995,-0.180458000000002,0.264703200000003
0.970666399999999,-1.0307986,0.5653378,-0.043357603161331,0.0041328356277204,-0.888299762290879,0.457194236875037,0.288084800000015,0.278300400000001,0.324669999999989,-1.27594799999999,-0.0945591999999884,-2.014185,-1.0641368,1.4355742,0.967994000000003,1.7217638,-0.126555599999996,0.272041600000001,0.801963600000007,0.633272200000001,-0.318345799999997,-0.0174282000000065,0.0125741999999887,-0.301105999999998,-0.444252999999989,0.499257599999994,-0.1898892,0.291049000000004
0.965900599999999,-1.0280344,0.5641732,-0.0402615321635537,-0.000754654734235671,-0.901660949269472,0.430564713006709,0.386943200000014,0.285390600000001,0.248040999999989,-1.18043699999999,-0.0152877999999891,-2.005401,-1.0370552,1.4505388,0.985946000000002,1.7244962,-0.100331399999996,0.281124400000001,0.850157400000007,0.637997800000001,-0.299829199999997,-0.0616038000000061,-0.0643482000000106,-0.288553999999998,-0.37203399999999,0.459767399999995,-0.1881048,0.320110000000004
0.959869599999999,-1.0251386,0.5623362,-0.0388853777363241,-0.00494091010182056,-0.912783874315504,0.406557638712211,0.46312960000001,0.292166800000001,0.17839399999999,-1.08460319999999,0.0448640000000077,-1.9955566,-1.0141072,1.4582638,0.994824800000001,1.7286286,-0.0753043999999963,0.294816000000002,0.891153200000006,0.647920600000002,-0.283617799999998,-0.0992586000000052,-0.127414200000008,-0.269450799999997,-0.30606939999999,0.443611599999999,-0.180130399999998,0.320740599999998
0.953205999999999,-1.022177,0.560163,-0.0383613822775762,-0.00877363001077815,-0.922584094077214,0.383783815607059,0.527980000000007,0.298786000000002,0.112237999999991,-0.98860799999999,0.0954560000000029,-1.985182,-0.993225999999996,1.462369,0.999167,1.733461,-0.0508759999999982,0.310812000000005,0.928550000000002,0.660442000000007,-0.268558999999995,-0.133653000000004,-0.183552000000006,-0.247071999999999,-0.243231999999994,0.439123000000005,-0.169061000000001,0.307155999999994
0.946226199999999,-1.0184282,0.556783199999999,-0.0384910152406791,-0.014108766581627,-0.930758265841193,0.363329650619906,0.576536800000008,0.311285800000002,0.0467965999999898,-0.920341799999989,0.115746800000003,-1.978522,-0.966547599999996,1.458649,0.9990398,1.7449552,-0.038113399999998,0.343724400000005,0.940755200000002,0.710862400000008,-0.232527199999994,-0.165147000000005,-0.226963200000007,-0.239248599999999,-0.197738199999993,0.477232000000006,-0.176721800000001,0.265020999999993
0.939409199999999,-1.0144032,0.553317799999999,-0.0388166839984239,-0.0201977602875975,-0.937896627913582,0.344144200693638,0.622504600000006,0.325747200000003,-0.0178732000000093,-0.863872799999995,0.129634,-1.9702334,-0.938172999999995,1.4524276,0.9989778,1.7580526,-0.0335488000000017,0.381993600000007,0.934072599999993,0.775690200000014,-0.184133399999989,-0.189531200000001,-0.268630200000006,-0.235958200000001,-0.156212999999995,0.52531500000001,-0.193763800000005,0.224767599999995
0.932917799999999,-1.0098258,0.549681199999999,-0.0395581171725623,-0.0278018043553649,-0.94353500601372,0.327725353714109,0.663294400000007,0.344131800000003,-0.0809998000000102,-0.830998199999995,0.130714,-1.9586876,-0.906405999999995,1.4412034,0.9990462,1.7743564,-0.0453802000000019,0.430976400000008,0.889614399999993,0.869332800000015,-0.111015599999988,-0.199695800000002,-0.306808800000006,-0.241733800000001,-0.122624999999995,0.593346000000011,-0.229568200000006,0.188277399999994
0.927873999999999,-1.0057732,0.5466502,-0.0407249914879117,-0.035580147300088,-0.947950618198654,0.313791576756298,0.699455800000005,0.364061200000003,-0.138268400000008,-0.8217476,0.123630799999998,-1.9439046,-0.872792999999995,1.4279172,0.9986586,1.7906518,-0.0751524000000059,0.473046000000006,0.806494999999984,0.965906200000015,-0.0419325999999898,-0.191223999999997,-0.342207800000005,-0.247171800000001,-0.0954905999999964,0.65894300000001,-0.263427800000005,0.169165999999998
0.923554,-1.001983,0.543922,-0.0421012384236369,-0.0434421823166164,-0.951679180374439,0.301076402530325,0.733303000000004,0.384763000000002,-0.192608000000004,-0.824309000000004,0.112465999999997,-1.927503,-0.838256999999994,1.4136,0.998043,1.806943,-0.113895000000007,0.511659000000001,0.704044999999983,1.06394500000001,0.0251330000000016,-0.173433999999996,-0.376217000000003,-0.252441,-0.0715829999999983,0.723323000000007,-0.296315000000004,0.158743999999998
0.9212518,-0.999718,0.5427784,-0.0444316200554695,-0.0489162675614887,-0.954461860596404,0.29092195959389,0.759098800000004,0.401486200000003,-0.223071800000005,-0.853566800000005,0.0895825999999964,-1.9130748,-0.798600599999994,1.4001894,0.994545599999999,1.8200602,-0.164976600000008,0.516651600000001,0.585555199999982,1.11883420000001,0.0366296000000018,-0.146262999999996,-0.400602200000004,-0.249219,-0.0597743999999981,0.772225400000008,-0.322508000000004,0.146632399999998
0.918851,-0.9982182,0.5414228,-0.0459739170547408,-0.0538447114602264,-0.957032594021161,0.281204125111168,0.783147000000003,0.416707400000002,-0.246333000000001,-0.889948600000007,0.0637085999999953,-1.9035734,-0.757376799999993,1.387678,0.988816399999999,1.832533,-0.213612200000006,0.514708399999998,0.481558999999989,1.1547888,0.0314869999999944,-0.129860800000001,-0.421223400000002,-0.246295,-0.0481303999999983,0.812367000000003,-0.348465800000004,0.134935399999998
0.916253,-0.9982488,0.5396432,-0.0459478874666873,-0.0576903809506149,-0.959349954923584,0.27241195930289,0.803700000000003,0.428924600000002,-0.255189000000001,-0.940578400000008,0.0318533999999949,-1.9039256,-0.713018199999993,1.376965,0.978623599999998,1.843717,-0.257355800000007,0.498893599999997,0.406549999999988,1.1528742,-0.00693400000000619,-0.134996200000001,-0.434316600000002,-0.243967,-0.0368155999999982,0.834987000000004,-0.373953200000004,0.124067599999998
0.912775799999999,-0.9993666,0.5375052,-0.0446856286715306,-0.0608323103998612,-0.961381312593402,0.264666953732107,0.823013800000003,0.437746600000001,-0.251070199999998,-0.996940600000009,-0.00177340000000523,-1.9146678,-0.662510399999992,1.3679192,0.965126799999998,1.8546342,-0.288793800000004,0.476645599999996,0.362864599999996,1.11357039999999,-0.0513666000000072,-0.169356000000007,-0.443819400000001,-0.240608999999999,-0.0164391999999962,0.850001800000002,-0.400169400000004,0.1183714
0.908858999999999,-1.001028,0.535188,-0.0428042514941419,-0.0636208874795068,-0.963247155968998,0.257439498228193,0.841708000000002,0.444871,-0.240463999999994,-1.05616900000001,-0.0362860000000057,-1.930605,-0.608927999999992,1.359707,0.949977999999998,1.865418,-0.314079000000001,0.451180999999996,0.334840999999999,1.05557199999999,-0.0988050000000035,-0.218328000000008,-0.451526999999999,-0.236735999999998,0.00846800000000136,0.861214,-0.426750000000002,0.115261
0.903557399999999,-1.00071,0.534879,-0.0442878078156634,-0.0641628964395267,-0.964965839685437,0.250524731393037,0.855593200000001,0.4427896,-0.196973599999995,-1.10762860000001,-0.0766438000000044,-1.9461246,-0.552054599999994,1.369157,0.933198399999998,1.8661002,-0.3184422,0.422857999999997,0.325821799999999,0.972613599999991,-0.123445800000003,-0.271955400000006,-0.4476978,-0.221100599999998,0.018033800000001,0.8609812,-0.438963600000001,0.115156
0.8983988,-1.0001524,0.5350818,-0.0461338383509388,-0.0653213358065634,-0.966825423547758,0.24259718141222,0.873112800000002,0.441197,-0.148060399999994,-1.15949800000001,-0.120287800000005,-1.9647488,-0.495177599999994,1.3771132,0.9207134,1.8680892,-0.314348399999998,0.395682999999998,0.328615800000003,0.895284999999993,-0.136888399999999,-0.314344600000002,-0.4442802,-0.205829399999999,0.0283734000000012,0.8609788,-0.450320400000001,0.1154832
0.8935262,-0.9991156,0.5363082,-0.0487052485143389,-0.0677133435403321,-0.968977780353015,0.232647293248577,0.897901200000002,0.440582,-0.088301599999996,-1.212187,-0.170504200000003,-1.9895822,-0.438293399999996,1.3820818,0.9168176,1.8726918,-0.293340599999999,0.370803999999998,0.355036200000002,0.829215999999996,-0.127934599999999,-0.334257400000001,-0.4416858,-0.191286599999999,0.0402606000000008,0.8614372,-0.459963600000001,0.1166748
0.8892664,-0.997514,0.5378222,-0.0513066210036105,-0.0696340045992065,-0.971219598617798,0.221926175349717,0.920340400000001,0.4393606,-0.033231199999997,-1.2597788,-0.218273800000003,-2.0147092,-0.387403599999997,1.3868044,0.9157266,1.876814,-0.263191199999998,0.3594666,0.396674600000003,0.787320999999998,-0.112499199999999,-0.329285399999999,-0.4365078,-0.177240199999999,0.0480350000000003,0.857458,-0.467796,0.1169272
0.885313,-0.99563,0.53948,-0.0539189786889087,-0.071313617027742,-0.973431722459872,0.210802735922408,0.941605,0.437836,0.0194950000000007,-1.304822,-0.264820000000001,-2.039983,-0.339510999999999,1.391404,0.916038,1.880696,-0.228470999999999,0.3549,0.445922000000001,0.757513,-0.0938229999999999,-0.311871,-0.430038,-0.163442,0.0537530000000003,0.85126,-0.474723,0.11671
0.8824456,-0.9952844,0.5395826,-0.0546552483005166,-0.0722949028903308,-0.975542868622085,0.200255742314374,0.9580744,0.4356454,0.0493714000000004,-1.3402766,-0.3000496,-2.0649106,-0.3020854,1.3929568,0.9168264,1.883939,-0.1963098,0.359466,0.485117000000001,0.7460608,-0.0909898,-0.2962038,-0.4252746,-0.1556462,0.0657344000000002,0.847909,-0.4806546,0.1159678
0.8795108,-0.9948442,0.5396208,-0.0558101930595414,-0.0723683013643514,-0.977371418823546,0.190769916326303,0.9710952,0.431192,0.0764891999999996,-1.3676496,-0.3305694,-2.0853838,-0.268648800000001,1.3987254,0.9161478,1.8831168,-0.1680632,0.3634364,0.510707,0.7357016,-0.0916665999999999,-0.2850666,-0.417476,-0.1459908,0.0737132,0.8416952,-0.4840964,0.1144806
0.8764412,-0.9942148,0.5395302,-0.0578108569189375,-0.0706369946425952,-0.97878445980396,0.183437458160625,0.9772188,0.422213,0.0980897999999994,-1.3788594,-0.351669599999999,-2.0969482,-0.243190200000001,1.4129256,0.9125352,1.8741642,-0.147645800000001,0.3662156,0.509087,0.7275284,-0.0993633999999998,-0.2829894,-0.403607,-0.1326162,0.0736868,0.8297558,-0.4825586,0.1115034
0.8744232,-0.994811,0.5391256,-0.0581608383836615,-0.0702744855813119,-0.979830191754146,0.177796537879184,0.985711199999999,0.418708,0.1095496,-1.3822784,-0.367721799999999,-2.1062422,-0.227706800000001,1.4070598,0.9120786,1.8764912,-0.1395536,0.3647176,0.502137400000001,0.7291796,-0.1057358,-0.291403399999999,-0.4022088,-0.1267188,0.0837007999999991,0.829962,-0.490925999999999,0.1135766
0.872931,-0.99602,0.538564,-0.0576855356213377,-0.0705964316863636,-0.980693105248786,0.173001607306769,0.995387999999999,0.41794,0.115939,-1.381802,-0.381249999999999,-2.114401,-0.217211000000001,1.391161,0.9132,1.884458,-0.137624,0.361081,0.492523000000001,0.735742999999999,-0.111446,-0.305062999999999,-0.407046,-0.12456,0.0987349999999989,0.836241,-0.504245999999999,0.118175
0.872217,-0.997508,0.5380018,-0.0553027431763513,-0.0717273393484792,-0.980880723358646,0.172249243628466,0.9988962,0.4203292,0.108900400000001,-1.3679996,-0.3834592,-2.11516,-0.2191988,1.3603186,0.9114918,1.9033574,-0.150489199999999,0.3581386,0.485668000000001,0.754532599999998,-0.1150034,-0.320331199999998,-0.419482199999999,-0.130516799999999,0.110689399999999,0.849178799999999,-0.524300399999998,0.129891199999999
0.8712058,-0.998782,0.5376094,-0.0529589496116501,-0.0728622034813509,-0.980836547965621,0.17276028228374,1.0010162,0.4218438,0.101976600000001,-1.352515,-0.3839464,-2.1153648,-0.2205618,1.3333364,0.9089408,1.9211888,-0.162362199999999,0.3558166,0.4805254,0.771333999999999,-0.1178106,-0.332958599999999,-0.4286076,-0.136176199999999,0.1189538,0.859430399999999,-0.542461999999998,0.141223599999999
0.8696002,-0.999628,0.5375566,-0.0506932801318953,-0.0740051145180226,-0.980330725656996,0.175798471857613,1.0003598,0.4216092,0.095282400000001,-1.333666,-0.3809896,-2.1144612,-0.2206752,1.3140746,0.904704200000001,1.9368842,-0.172250799999999,0.3547354,0.4788076,0.784158999999998,-0.1191174,-0.340304399999999,-0.4311114,-0.141240799999999,0.1198382,0.864309599999999,-0.556837999999998,0.151788399999998
0.866906600000001,-1.0000724,0.5379338,-0.0492172736563574,-0.0744787176275039,-0.979495236395387,0.180609142828214,1.0000862,0.417086600000001,0.0950789999999994,-1.3140938,-0.376825600000001,-2.11367,-0.214687400000002,1.3123044,0.900275600000001,1.9415912,-0.1742718,0.3540878,0.4786494,0.7870676,-0.117157000000001,-0.3418314,-0.420972400000003,-0.1433678,0.111023800000002,0.857818400000002,-0.5612572,0.1571304
0.863669000000001,-1.000316,0.538526,-0.0481349428972144,-0.0746159114826744,-0.978471839232697,0.186301778989025,1.000004,0.410420000000001,0.0981209999999994,-1.29416,-0.372058000000001,-2.112935,-0.205649000000002,1.31928,0.895751000000001,1.940804,-0.172359,0.353657,0.479271,0.785018,-0.113563000000001,-0.340449,-0.404512000000003,-0.144026,0.0973600000000026,0.845642000000002,-0.560698,0.159860999999999
0.860654600000001,-1.0011542,0.5392094,-0.0466885994960774,-0.0745512766049768,-0.977158332716481,0.19345251261333,1.000004,0.402469400000002,0.109829999999998,-1.2786548,-0.364841200000001,-2.103452,-0.199629800000001,1.325097,0.8944652,1.937066,-0.176215199999999,0.3529286,0.476124000000001,0.788304799999999,-0.103792000000002,-0.3412866,-0.388388200000003,-0.148097599999999,0.0810676000000032,0.833219600000003,-0.5588632,0.1610184
0.857964,-1.0023068,0.5398792,-0.0448013334901299,-0.0744828161576101,-0.975722332118299,0.201025076098398,1.0001464,0.394581600000002,0.124456599999996,-1.2647126,-0.354992400000003,-2.08843460000001,-0.1960068,1.3282136,0.8937676,1.9331314,-0.184073799999997,0.3527232,0.471207200000002,0.795179999999997,-0.0910612000000039,-0.342087,-0.373927400000002,-0.154265999999998,0.0643976000000036,0.821382600000002,-0.5572756,0.162909199999999
0.855921000000001,-1.0040882,0.5405218,-0.0420340197979299,-0.0744094936837002,-0.974077917662803,0.209448272256087,1.0005736,0.386819400000002,0.144918399999995,-1.2538964,-0.339879600000004,-2.06234840000001,-0.1971762,1.3259294,0.8942464,1.9288036,-0.199937199999996,0.3535638,0.462750800000002,0.809231999999996,-0.072410800000005,-0.342813,-0.362792600000003,-0.164627999999997,0.0469724000000046,0.810716400000003,-0.5561824,0.166266799999999
0.8542264,-1.0063704,0.541188,-0.0391578357901953,-0.0741455272209434,-0.972131706075892,0.218927044312328,1.0002896,0.379360800000002,0.173616599999991,-1.2457594,-0.315886400000008,-2.02568460000001,-0.199945599999999,1.3244676,0.896550799999999,1.9213766,-0.219473399999994,0.355757599999999,0.451139200000004,0.824624799999996,-0.0497304000000068,-0.343535,-0.351009800000003,-0.176339999999997,0.0269236000000059,0.799384600000003,-0.554543600000001,0.170085999999999
0.852706,-1.008903,0.541866,-0.0362246356031728,-0.0737812578074047,-0.969969242725442,0.228918697223288,0.99965,0.372054000000002,0.206432999999991,-1.238962,-0.287453000000008,-1.98373200000001,-0.203514999999999,1.323417,0.899767999999999,1.9124,-0.240845999999994,0.358627999999999,0.437950000000004,0.840687999999995,-0.025035000000007,-0.344255,-0.338903000000003,-0.188726999999996,0.00556300000000607,0.787720000000003,-0.552632000000001,0.174135999999999
0.8516296,-1.0122918,0.542325,-0.0346119772644247,-0.0728619228231837,-0.9671167142528,0.241202015425292,0.993599600000002,0.365527800000002,0.245642999999988,-1.2349648,-0.242328800000013,-1.92728280000002,-0.209479599999998,1.3270506,0.904679599999999,1.896047,-0.264805799999993,0.364269799999998,0.423863800000004,0.851550399999997,-0.00045180000000722,-0.3446708,-0.321568400000005,-0.202611599999996,-0.021629599999992,0.775070200000004,-0.549966800000001,0.178237599999999
0.8507344,-1.0161392,0.5426982,-0.033848350145853,-0.0715652727281563,-0.96388550690554,0.254278254102075,0.984529800000005,0.359914400000001,0.284333799999987,-1.231086,-0.188083000000025,-1.86610520000002,-0.216974799999996,1.3331002,0.910012599999998,1.87765000000001,-0.288798799999992,0.371864399999996,0.412356600000002,0.8587254,0.0227727999999928,-0.344983,-0.301286000000009,-0.216373799999995,-0.0507761999999884,0.762042600000005,-0.547192400000001,0.182240999999999
0.8502016,-1.0209038,0.5428998,-0.0347868850600286,-0.0695223630258258,-0.960007067293485,0.268966437336869,0.969421200000005,0.356126600000001,0.321986199999986,-1.227444,-0.115594000000026,-1.79547080000003,-0.227531199999996,1.3439818,0.916188399999998,1.85516500000001,-0.312858199999991,0.383364599999996,0.406007400000002,0.8585256,0.0432801999999926,-0.345088,-0.275108000000009,-0.229891199999995,-0.0838307999999881,0.748259400000005,-0.544199600000001,0.186047999999999
0.850296,-1.0267304,0.5428058,-0.0374274267313718,-0.0670091422900173,-0.955362227314662,0.285292792054394,0.948495400000009,0.356337199999999,0.354759799999989,-1.2239348,-0.0271654000000356,-1.71298440000003,-0.243950399999993,1.36027939999999,0.922196599999998,1.83082440000001,-0.335725599999992,0.398059999999994,0.405902199999999,0.847475000000006,0.0604823999999943,-0.3450938,-0.242220000000013,-0.242299799999996,-0.119452199999986,0.733208200000006,-0.541314000000001,0.189707799999999
0.850704,-1.033088,0.542564,-0.0409111583201465,-0.064247248627376,-0.950139676900395,0.302379170162777,0.924661000000009,0.358546999999999,0.385093999999989,-1.220492,0.0692329999999635,-1.62457200000003,-0.263300999999993,1.37928499999999,0.928120999999998,1.80555600000001,-0.357996999999992,0.414352999999994,0.408918999999999,0.830999000000006,0.0760319999999941,-0.34505,-0.205977000000014,-0.254153999999995,-0.156356999999986,0.717523000000006,-0.538482000000001,0.193293999999999
0.852943799999999,-1.0406588,0.5416856,-0.0459308504885939,-0.0612594179673551,-0.943793209758372,0.321546291998034,0.898387000000011,0.366244999999997,0.40732159999999,-1.2187274,0.164901199999958,-1.52361660000004,-0.289415999999989,1.40286919999999,0.931906999999998,1.78817280000001,-0.379260399999991,0.429189199999994,0.417007599999996,0.796370000000015,0.085291799999996,-0.3443402,-0.165100200000018,-0.263366999999996,-0.192430199999984,0.702029800000007,-0.536107200000001,0.195489999999999
0.854993199999999,-1.0480492,0.5410314,-0.0510936417518383,-0.0587054312577438,-0.936750206909927,0.341236226048154,0.864249000000022,0.380061799999988,0.426791799999994,-1.2197362,0.25084019999997,-1.40044200000007,-0.326317799999974,1.43347019999998,0.936858799999997,1.75682560000003,-0.398395399999993,0.438808,0.420427400000003,0.753559000000026,0.092935599999998,-0.343437000000001,-0.118784800000025,-0.272755999999996,-0.235673799999974,0.68402400000001,-0.533663600000001,0.201685199999994
0.856661799999999,-1.0550788,0.5408256,-0.0565574728305565,-0.0570437761792695,-0.928677709319457,0.362084205785612,0.814383000000023,0.406116199999988,0.440747199999994,-1.2262918,0.31732079999997,-1.23282900000008,-0.384793199999973,1.47810479999998,0.944142199999997,1.69755040000003,-0.413273599999993,0.437992,0.414509600000003,0.694384000000027,0.097347399999998,-0.342147000000001,-0.061592200000026,-0.282496999999996,-0.293258199999974,0.66099300000001,-0.531082400000001,0.215878799999994
0.8568648,-1.0616552,0.5408178,-0.0615605853079179,-0.0562216136912238,-0.920129404459127,0.382637300246844,0.759356600000027,0.436130999999985,0.456808199999992,-1.23915179999999,0.350167399999993,-1.05011800000009,-0.455184599999965,1.53623019999997,0.951163599999997,1.62607960000004,-0.423828199999996,0.430258000000005,0.403494200000006,0.629162200000032,0.0975956000000009,-0.3420782,-0.00235320000002798,-0.289609599999997,-0.353998199999971,0.63961040000001,-0.528718000000001,0.233951999999991
0.856335,-1.068005,0.540909,-0.0663164451534099,-0.0558052160950168,-0.911112854771293,0.402940780797015,0.70175000000003,0.468125999999983,0.473921999999991,-1.25516399999999,0.366196999999992,-0.859858000000099,-0.53153399999996,1.60110099999997,0.958053999999996,1.54851100000004,-0.432220999999996,0.419065000000006,0.389930000000007,0.560917000000036,0.095762000000001,-0.34262,0.0579089999999686,-0.295407999999997,-0.416315999999968,0.619052000000011,-0.526462000000001,0.25396499999999
0.853837200000001,-1.0755494,0.540159,-0.0698256967022469,-0.0557219662155868,-0.902475973839769,0.421374597244631,0.649671200000028,0.494074199999986,0.503874599999984,-1.27738379999999,0.318138800000025,-0.687080800000092,-0.610590599999958,1.66040919999997,0.9579226,1.49187100000003,-0.436728199999998,0.405523600000007,0.37043480000001,0.50462680000003,0.0914372000000023,-0.335031800000004,0.111783599999971,-0.296727999999999,-0.468490799999972,0.608655200000006,-0.5267836,0.280190999999986
0.851792200000001,-1.08396499999999,0.538592600000002,-0.0729575268533861,-0.0549060382454654,-0.893819459898458,0.43903223041874,0.603022000000019,0.513000199999997,0.538954599999976,-1.29723879999999,0.244068600000068,-0.539463600000052,-0.684747599999965,1.70793419999999,0.952099000000009,1.45904939999999,-0.444628999999992,0.393771600000004,0.349086800000014,0.459134800000013,0.0846952000000062,-0.320084000000016,0.159694399999981,-0.295896200000003,-0.512692399999985,0.603084999999998,-0.528720599999997,0.303411199999991
0.850652800000001,-1.09412299999999,0.535393400000002,-0.075367309066344,-0.0526515948466463,-0.885560087548585,0.455336040331913,0.56723200000002,0.517881799999997,0.584289399999975,-1.31236419999999,0.117974400000069,-0.442166400000053,-0.749105399999965,1.73189279999999,0.934891000000009,1.47386459999999,-0.459316999999992,0.385598400000005,0.324033200000014,0.435239200000013,0.0731188000000064,-0.290417000000016,0.19567759999998,-0.290760800000003,-0.540947599999985,0.607167999999998,-0.533888399999997,0.320619799999991
0.8507654,-1.10540739999999,0.531278200000003,-0.0777437245302747,-0.0489280107443314,-0.877292659232981,0.47108338233978,0.526924800000026,0.516639800000003,0.637397799999965,-1.318086,-0.0511369999998844,-0.378363600000029,-0.818867199999956,1.7410878,0.90731420000002,1.50326659999998,-0.482284199999984,0.373761600000008,0.287291600000026,0.429247199999998,0.0514240000000162,-0.25860240000002,0.231869199999978,-0.282809800000006,-0.570149999999982,0.609021399999999,-0.539823399999996,0.333991199999993
0.851504,-1.11725499999999,0.526705000000003,-0.0800906312885143,-0.0444622401610834,-0.868879151261099,0.486474686374797,0.484359000000026,0.512336000000003,0.694392999999965,-1.319106,-0.241756999999883,-0.331308000000029,-0.891330999999955,1.742901,0.87455300000002,1.53996199999998,-0.509390999999983,0.360093000000008,0.244706000000026,0.432206999999998,0.0246700000000165,-0.22571400000002,0.268164999999978,-0.273451000000006,-0.599825999999982,0.60976,-0.546141999999996,0.345443999999993
0.854276599999998,-1.12835139999999,0.522302200000003,-0.0819740103701163,-0.0386335415185832,-0.860385861154198,0.501521565856864,0.440312400000028,0.49640000000001,0.759524799999959,-1.30644480000001,-0.447453199999871,-0.359262599999983,-0.969728799999951,1.7411604,0.829760000000028,1.57630639999998,-0.543993599999978,0.334542000000016,0.193704200000032,0.452813999999987,-0.00882919999997905,-0.206302200000012,0.304936599999977,-0.253790800000012,-0.626150399999984,0.594764800000009,-0.543398800000002,0.3455478
0.856781999999999,-1.13993599999999,0.518210000000002,-0.0831229388544087,-0.0327984701779413,-0.850644914775317,0.518090789685637,0.395970400000028,0.478336400000014,0.828484399999951,-1.28965280000002,-0.641873999999891,-0.407261799999944,-1.05224679999994,1.74,0.784772400000029,1.6029844,-0.578009599999979,0.305462800000023,0.142965600000032,0.476138599999982,-0.0277270000000065,-0.185586000000015,0.343058999999974,-0.230699800000019,-0.648176399999992,0.577005000000015,-0.53129400000002,0.3455118
0.858752999999999,-1.15249699999999,0.514739000000002,-0.0828174291620605,-0.0269603635033042,-0.838569458654906,0.537787760401791,0.351037600000031,0.456017600000015,0.905099599999947,-1.26459920000002,-0.813743999999881,-0.495350199999939,-1.14300519999994,1.74,0.739395600000031,1.61032959999999,-0.610852399999977,0.269327200000025,0.0927534000000347,0.50489839999998,-0.0174220000000071,-0.162261000000016,0.383882999999972,-0.200747200000021,-0.661605599999991,0.553716000000016,-0.500466000000021,0.3451962
0.860525599999999,-1.16556199999999,0.512568800000001,-0.0814712981772486,-0.0222459487683005,-0.824189243681463,0.559981817505256,0.306846800000031,0.434666400000015,0.980093599999948,-1.23258320000002,-0.960526399999906,-0.606785399999914,-1.23386719999994,1.74,0.704155600000021,1.59396840000002,-0.64075959999998,0.230438000000028,0.0467112000000308,0.541169399999972,0.00783459999997705,-0.130111600000026,0.42595659999997,-0.169367800000022,-0.657908400000009,0.532334600000014,-0.441808000000051,0.3450546
0.862198999999999,-1.17887899999999,0.511049000000001,-0.0795656126232902,-0.0180840030702129,-0.808259916204565,0.583145084844095,0.263027000000031,0.413799000000015,1.05427699999995,-1.19708600000003,-1.0947649999999,-0.729893999999913,-1.32478099999994,1.74,0.673984000000021,1.56575400000002,-0.66919899999998,0.190172000000029,0.00275400000003123,0.581195999999972,0.0405669999999767,-0.093550000000026,0.46865499999997,-0.137275000000023,-0.645648000000009,0.511907000000014,-0.369235000000052,0.345
0.863412799999999,-1.19275879999999,0.512878399999999,-0.0786015778292319,-0.0172211306941037,-0.792185033953503,0.604952970569166,0.231513200000023,0.400683600000009,1.10818879999996,-1.16175800000003,-1.21836919999991,-0.865104599999903,-1.39875559999995,1.7413866,0.682176999999994,1.49916360000005,-0.680102799999992,0.157865600000023,-0.0211199999999828,0.620232599999972,0.048839799999994,-0.0639856000000213,0.503517999999975,-0.12296080000001,-0.587490000000042,0.523473799999992,-0.256854400000081,0.345
0.8643642,-1.20640459999999,0.516198199999995,-0.0787368402126005,-0.016811381524167,-0.776444560211502,0.625021385524169,0.203923200000015,0.393245399999997,1.15261699999998,-1.12565820000003,-1.33848939999991,-0.996851999999903,-1.46339079999996,1.7437208,0.708120199999952,1.41782800000009,-0.68319380000001,0.129879600000015,-0.0379959999999978,0.653740999999982,0.0435412000000252,-0.040410200000009,0.526350800000001,-0.109980600000008,-0.510744200000088,0.554894399999945,-0.141011400000095,0.345
0.8647908,-1.21958239999999,0.522498799999995,-0.0811405076382065,-0.0173234117371444,-0.762086004713388,0.642137865918204,0.184180800000016,0.397161599999997,1.17807799999998,-1.08801480000003,-1.45164159999991,-1.1216729999999,-1.50934719999996,1.7479502,0.769563799999952,1.30700200000009,-0.67065920000001,0.110534400000015,-0.0408759999999977,0.676192999999982,0.0110998000000255,-0.0288128000000091,0.525123200000001,-0.0996684000000081,-0.39682280000009,0.626022599999944,-0.0182436000000965,0.345
0.864087800000001,-1.23363699999999,0.529774199999994,-0.0851264670522213,-0.017445277036267,-0.745479834899229,0.660839589215835,0.157999200000023,0.415897399999979,1.19555859999999,-1.02913940000006,-1.54798499999993,-1.23236159999992,-1.53722839999998,1.72418040000003,0.863547399999912,1.1894300000001,-0.647575800000023,0.0957820000000099,-0.0418807999999999,0.684240599999999,-0.0166687999999798,-0.0200138000000059,0.490361200000041,-0.0873710000000106,-0.292619800000079,0.751054799999879,0.0730577999999399,0.3450048
0.862820000000001,-1.24812999999999,0.537536999999994,-0.08986596917062,-0.0173645398596624,-0.727434507730396,0.680045305331581,0.128598000000024,0.442042999999979,1.20904899999999,-0.959648000000056,-1.63592399999993,-1.33598399999992,-1.55607199999998,1.68641100000003,0.973800999999911,1.0684850000001,-0.619218000000023,0.08332600000001,-0.0419479999999999,0.685085999999999,-0.0421009999999795,-0.012614000000006,0.438832000000041,-0.0740810000000107,-0.19327600000008,0.903038999999878,0.148625999999939,0.345012
0.862271,-1.26084999999999,0.546802799999992,-0.0969738089255629,-0.0185005254211294,-0.705179457515262,0.702122313874222,0.080978400000041,0.489706399999959,1.2135388,-0.842650400000101,-1.67311319999997,-1.40694419999994,-1.53599720000002,1.59913980000008,1.11981039999987,0.966046400000088,-0.582403800000032,0.0634408000000171,-0.0538273999999898,0.66223980000002,-0.0546823999999892,-0.0111698000000012,0.359224000000069,-0.0703118000000032,-0.171205000000019,1.10136179999983,0.167319599999984,0.3449766
0.8620666,-1.27330939999999,0.556569199999991,-0.105381663025535,-0.0198769322317222,-0.682055777165098,0.72339444945254,0.0326714000000433,0.543005999999944,1.21227960000001,-0.714684800000131,-1.69510700000001,-1.46869419999996,-1.50034400000006,1.50026520000011,1.26597399999987,0.874441400000061,-0.541748600000042,0.0458078000000114,-0.0675689999999848,0.634806800000032,-0.0649243999999951,-0.0124011999999943,0.274430400000083,-0.0772035999999754,-0.166171999999975,1.30406479999982,0.181114799999996,0.344949
0.8625514,-1.28524759999999,0.567336799999991,-0.116474661659872,-0.0217506727383805,-0.657908471272114,0.743718363935594,-0.0170103999999562,0.607577999999943,1.19952240000001,-0.564783200000132,-1.68671000000001,-1.51202379999996,-1.43353400000006,1.37818380000011,1.41244599999987,0.804503600000062,-0.493411400000043,0.0326792000000116,-0.0850349999999846,0.598200200000032,-0.0704875999999951,-0.0189837999999942,0.179265600000084,-0.105417399999975,-0.195214999999974,1.51552819999981,0.185113199999996,0.344937
0.8625682,-1.29742099999999,0.57843239999999,-0.132381579540238,-0.0224757768843819,-0.634487035643397,0.761180765950067,-0.0554845999999707,0.676732399999936,1.18411400000001,-0.405025200000147,-1.66481820000003,-1.54398259999998,-1.32956720000011,1.2592432000001,1.52497039999992,0.742621400000052,-0.440327800000049,0.0391509999999855,-0.0956005999999937,0.562666800000031,-0.0751743999999962,-0.0305259999999875,0.0701356000001034,-0.14479079999996,-0.200697200000006,1.71535159999983,0.195982799999987,0.344941
0.862351,-1.30971199999999,0.589691999999989,-0.150612314448333,-0.0226134947690277,-0.611085301051299,0.77677494516101,-0.0883549999999689,0.748177999999932,1.16738000000002,-0.240339000000156,-1.63617900000003,-1.57025599999998,-1.20702200000012,1.14187300000011,1.62052099999991,0.684767000000055,-0.384871000000053,0.0554229999999846,-0.102715999999993,0.527670000000033,-0.079422999999996,-0.0445479999999867,-0.04597699999989,-0.189743999999957,-0.194399000000006,1.90935499999982,0.210287999999986,0.344953
0.860889400000001,-1.32212479999999,0.598958999999991,-0.176245976259436,-0.0168169365399587,-0.583934631162127,0.792259359696886,-0.112251799999977,0.795976999999954,1.17347599999999,-0.0517464000001805,-1.62693960000001,-1.58426839999999,-1.02619040000017,1.02938800000011,1.6243424,0.637652600000045,-0.341470600000042,0.104078199999953,-0.101616200000001,0.506257800000021,-0.0835425999999961,-0.0641523999999812,-0.185128999999867,-0.235823999999956,-0.135601400000056,2.04696079999987,0.22071419999999,0.3449884
0.858888000000003,-1.33459619999999,0.607044599999994,-0.201173066529658,-0.00893096344153249,-0.55634956222253,0.806179136302757,-0.136739399999975,0.832674999999986,1.18356919999998,0.142625399999801,-1.62337019999999,-1.58624640000002,-0.823404000000238,0.932771400000063,1.5917736000001,0.590174800000047,-0.306243000000018,0.15713059999994,-0.0985256000000068,0.48848300000001,-0.0886021999999933,-0.0884299999999675,-0.337223599999828,-0.275791999999973,-0.0593448000001074,2.15928559999994,0.231324599999989,0.3450096
0.855807000000003,-1.34718479999999,0.612767399999994,-0.224947619727096,0.00309201433055159,-0.528937196376113,0.818299731220945,-0.162408599999975,0.847170999999986,1.20165679999998,0.348555599999799,-1.63114079999999,-1.56415560000002,-0.576708000000241,0.867891600000063,1.4864244000001,0.541970200000047,-0.287361000000018,0.21897739999994,-0.0914534000000069,0.47798300000001,-0.0955417999999932,-0.122053999999967,-0.515203399999826,-0.303535999999973,0.0518297999998915,2.22104839999994,0.242303399999989,0.3450024
0.851366400000005,-1.36077339999999,0.615902199999998,-0.244225981465498,0.0180401790369682,-0.507832888745184,0.825914026413312,-0.179071399999987,0.850754600000002,1.21433719999999,0.537746599999813,-1.6322126,-1.53491400000003,-0.324874000000263,0.847012199999999,1.36041800000014,0.498320400000043,-0.278176600000004,0.28499379999993,-0.0727188000000254,0.472596200000003,-0.10439419999999,-0.158357599999961,-0.717333599999779,-0.303388000000015,0.178032399999862,2.239418,0.257254999999983,0.345
0.846246000000005,-1.37486199999999,0.617742999999998,-0.261187588838575,0.0344361165392542,-0.48978629719007,0.831086385641846,-0.191230999999987,0.848882000000002,1.22431399999999,0.718567999999812,-1.629935,-1.50209700000003,-0.0704710000002651,0.848132999999999,1.22408300000014,0.456948000000043,-0.273841000000004,0.353094999999929,-0.0481530000000256,0.469766000000003,-0.11420299999999,-0.196000999999961,-0.931538999999777,-0.289294000000015,0.311748999999861,2.236091,0.274192999999982,0.345
0.83693160000001,-1.39097439999998,0.618857199999999,-0.270301036881708,0.0588165015705955,-0.459055208875706,0.844243024139229,-0.289666999999897,0.850234999999999,1.2217262,0.959699599999747,-1.62138740000001,-1.41846780000009,0.206929999999708,1.0375583999998,1.00793120000023,0.413596200000046,-0.312561399999959,0.397889799999953,-0.11465339999993,0.447185600000024,-0.125994799999988,-0.246417199999947,-1.1235773999998,-0.350498199999936,0.399222999999908,2.14836440000009,0.295402399999978,0.345
0.827364400000011,-1.40770539999998,0.620736799999996,-0.276656781745794,0.0825822389733836,-0.429296958642629,0.855771768768047,-0.389687199999891,0.8512374,1.2200008,1.18675219999979,-1.60773280000003,-1.34984160000004,0.469459799999753,1.24021659999976,0.811201400000167,0.383861600000003,-0.349760599999964,0.44032599999996,-0.182518199999925,0.417275600000047,-0.134742599999997,-0.28637799999998,-1.29140079999987,-0.420979799999906,0.466795999999971,2.01039160000025,0.316199199999979,0.345411199999999
0.817291600000011,-1.42567359999998,0.624147199999996,-0.278056640090867,0.105208678499158,-0.402491798247399,0.865803667821645,-0.492875799999885,0.8515386,1.2200002,1.38564679999978,-1.58386420000003,-1.31122140000004,0.70224719999974,1.46934039999974,0.653315600000177,0.381361400000003,-0.383917399999962,0.478044999999958,-0.253111799999921,0.37270640000005,-0.137402399999997,-0.305427999999979,-1.41079419999987,-0.510016199999901,0.494566999999969,1.77192640000027,0.336170799999978,0.346644799999999
0.811054800000005,-1.44472579999998,0.628425599999995,-0.273384848532456,0.120231568429174,-0.39257210276993,0.869880588743503,-0.554975199999953,0.8516894,1.22,1.51800139999989,-1.56030240000003,-1.30922719999998,0.897675399999801,1.63708139999985,0.5416646000001,0.400551999999966,-0.391753400000006,0.50226519999998,-0.274363400000004,0.337854000000034,-0.138233,-0.305393600000011,-1.5113259999999,-0.564948199999957,0.52731679999996,1.46402960000039,0.333822400000015,0.343582400000006
0.806736000000005,-1.46431999999998,0.633137999999995,-0.265757769369328,0.131478339120758,-0.391215062143696,0.871227312194578,-0.596529999999953,0.851765,1.22,1.61708599999989,-1.53689400000003,-1.32554599999998,1.0744239999998,1.77413099999984,0.453131000000101,0.430587999999966,-0.386429000000006,0.51973599999998,-0.270944000000004,0.307860000000034,-0.138149,-0.295817000000011,-1.6024269999999,-0.602827999999957,0.56255599999996,1.12141700000039,0.320314000000015,0.338372000000006
0.812185199999994,-1.48231519999998,0.633072,-0.25044762931637,0.125796176679785,-0.430356093960932,0.858047166123896,-0.522367600000085,0.8521526,1.22,1.58883440000003,-1.50917100000003,-1.4106859999999,1.14101079999992,1.75731120000002,0.439290800000016,0.441203799999988,-0.312269000000085,0.518021800000002,-0.139108400000151,0.300942600000008,-0.141769999999996,-0.247341800000056,-1.66281279999993,-0.537101600000075,0.610481599999945,0.758969600000416,0.277898200000049,0.334076000000005
0.81861139999999,-1.49814819999999,0.631566200000005,-0.23490130577707,0.11802932923341,-0.466748955705896,0.844414510967448,-0.460444400000045,0.8524824,1.22,1.57,-1.48720320000001,-1.48752819999993,1.19416679999997,1.7448784,0.397566800000117,0.421783400000096,-0.243212800000071,0.507207000000035,-0.0159064000001275,0.302184599999979,-0.149444799999981,-0.199070200000058,-1.71206099999997,-0.473130800000073,0.635737600000024,0.444788600000262,0.240419000000033,0.328196800000011
0.82699159999999,-1.50965679999999,0.627180800000005,-0.219473404986133,0.106389969906153,-0.498558452833872,0.831836563223243,-0.422999600000045,0.8526966,1.22,1.57,-1.47674580000001,-1.54777479999993,1.22046119999997,1.7412196,0.300075200000118,0.342290600000096,-0.184364200000071,0.478191000000035,0.0900283999998715,0.319745399999979,-0.165227199999981,-0.151205800000058,-1.73903399999997,-0.412671200000073,0.615654400000024,0.227140400000264,0.212813000000033,0.319151200000011
0.832556999999995,-1.51734459999999,0.621743800000007,-0.209021080311925,0.0948331422728059,-0.522874220834186,0.820925948121355,-0.40501760000001,0.8529532,1.22,1.57,-1.46724120000001,-1.60205859999994,1.22602000000001,1.74,0.213331200000099,0.255497800000111,-0.142609200000041,0.459333000000017,0.170324799999918,0.342943799999968,-0.178990799999984,-0.10797300000005,-1.74416660000001,-0.35985320000006,0.571912000000068,0.128979800000047,0.207538999999993,0.309626800000012
0.836714999999995,-1.52312199999999,0.615781000000007,-0.201046445721123,0.083317562805359,-0.543381147116524,0.810786925985742,-0.39676700000001,0.853231,1.22,1.57,-1.45821300000001,-1.65336099999994,1.22121100000001,1.74,0.1319610000001,0.165055000000111,-0.109401000000041,0.445554000000017,0.237801999999917,0.368960999999968,-0.191744999999984,-0.0670560000000504,-1.73837900000001,-0.31085600000006,0.516340000000068,0.0905630000000473,0.213430999999993,0.299863000000012
0.835461000000002,-1.525006,0.610652200000007,-0.200795385324196,0.0759138332445178,-0.552767606561019,0.80521194495079,-0.41230939999998,0.853534,1.22,1.57,-1.4555748,-1.68099399999996,1.220668,1.74,0.100000200000041,0.111682600000069,-0.101007600000011,0.447665999999997,0.262676199999968,0.403319999999956,-0.200182799999989,-0.050761200000021,-1.7389316,-0.254913200000072,0.517380399999999,0.229695199999821,0.227709799999982,0.289565200000013
0.833951800000003,-1.52460880000001,0.606109800000004,-0.20133199636894,0.0705138569486895,-0.559812136894256,0.800689449538461,-0.428695199999977,0.853129200000002,1.22,1.57,-1.45616579999999,-1.698201,1.220554,1.74,0.0741930000000175,0.0712454000000189,-0.0952402000000007,0.449839199999997,0.278663200000002,0.434269199999969,-0.208617999999989,-0.0369486000000115,-1.74167719999999,-0.19461560000009,0.532260599999945,0.399903399999698,0.245475999999968,0.28527159999999
0.831932200000003,-1.51964920000001,0.602740200000004,-0.203499832954272,0.06914257203375,-0.562326568476395,0.798496057038295,-0.446767799999976,0.851308800000002,1.22,1.57,-1.46321519999999,-1.694556,1.221298,1.74,0.0606930000000176,0.056678600000019,-0.0947248000000007,0.452134799999997,0.276875800000002,0.458398799999968,-0.217047999999989,-0.0281004000000116,-1.74880879999999,-0.12560840000009,0.574820399999944,0.632263599999696,0.270216999999968,0.29298639999999
0.830742200000001,-1.51151120000001,0.600329800000002,-0.204931272557903,0.0700793208858234,-0.562896828210106,0.797646051267718,-0.466804399999972,0.847558400000006,1.22,1.57,-1.46936859999999,-1.68589660000001,1.21689160000001,1.7409596,0.0427370000000266,0.0433062000000168,-0.100888599999987,0.453078,0.266937200000018,0.477120799999979,-0.225752399999988,-0.0194458000000113,-1.74823280000001,-0.0656204000000731,0.586510600000005,0.854805799999713,0.30381159999995,0.306815999999978
0.829967000000001,-1.50178400000001,0.598399000000003,-0.205994746912024,0.0721701595831754,-0.562495655754775,0.797468663689925,-0.487822999999971,0.842843000000007,1.22,1.57,-1.47507399999999,-1.67473000000002,1.20991000000001,1.742399,0.0225530000000277,0.0305310000000175,-0.110391999999987,0.453345,0.252923000000019,0.493138999999978,-0.234593999999988,-0.0108880000000118,-1.74380300000001,-0.0101420000000762,0.582766000000005,1.0724389999997,0.341832999999948,0.323702999999977
0.831217399999998,-1.49429480000001,0.596513800000003,-0.201715909656343,0.071227149028439,-0.563785102203965,0.797736637973748,-0.510356599999969,0.826406000000023,1.22,1.57,-1.48988439999998,-1.63270300000006,1.2072442,1.75032259999999,-0.033845199999922,0.0998117999999042,-0.130466199999972,0.433195200000028,0.22405280000004,0.512270599999973,-0.246685199999983,0.00448699999997873,-1.73631860000001,0.0116421999999699,0.533463400000068,1.28443399999971,0.31998340000003,0.309640200000019
0.833293399999995,-1.4881278,0.593969400000005,-0.195349021572131,0.068825079074822,-0.567808622553516,0.796677623895032,-0.524702800000003,0.805198400000043,1.22,1.57,-1.50764739999997,-1.57751720000011,1.20059380000002,1.73953120000007,-0.0966175999998948,0.191759799999809,-0.148952199999979,0.40779000000005,0.201431000000014,0.530443599999977,-0.257341599999989,0.0213271999999725,-1.71786240000006,0.0264317999999989,0.481880400000078,1.48021679999977,0.283522400000091,0.286212200000059
0.837020599999995,-1.4846052,0.590106600000005,-0.184780805464139,0.063495921313614,-0.577228351384486,0.792863009773131,-0.522674200000003,0.774449600000043,1.22,1.57,-1.53131559999997,-1.49601380000011,1.18597420000002,1.69130980000007,-0.172138399999894,0.329042199999808,-0.164261799999979,0.37187400000005,0.191306000000014,0.546699399999977,-0.265128399999989,0.0410977999999723,-1.67746260000006,0.0272321999999989,0.425736600000079,1.64357519999977,0.217838600000092,0.244053800000059
0.842396599999991,-1.47961660000001,0.586486200000005,-0.173150320335165,0.0579364200130011,-0.588546537326445,0.787575590787931,-0.502318800000043,0.739330400000054,1.22,1.57,-1.56350899999995,-1.38854760000018,1.15793020000005,1.58964680000019,-0.253121599999878,0.48426219999976,-0.177142999999983,0.33249080000006,0.207027799999958,0.561525199999979,-0.270434799999994,0.065066799999962,-1.61412960000011,0.0319397999999903,0.369122000000083,1.77891839999982,0.151706000000097,0.205037000000055
0.848596999999991,-1.47389500000001,0.582987000000005,-0.160950883200937,0.0522492344828001,-0.600680688618684,0.781375416181866,-0.472800000000043,0.702026000000055,1.22,1.57,-1.59996499999995,-1.26810000000018,1.12317400000005,1.46126300000019,-0.336835999999877,0.648450999999759,-0.188809999999983,0.29137400000006,0.235672999999958,0.575635999999979,-0.274500999999994,0.0911349999999617,-1.53933000000011,0.0386009999999902,0.312272000000083,1.90025399999982,0.0853490000000974,0.167591000000055
0.85541119999999,-1.46551840000001,0.580218000000004,-0.148055917926006,0.0502536076873907,-0.61236530490621,0.774959839881148,-0.426999000000068,0.664862000000055,1.22,1.5719608,-1.63901899999994,-1.15147020000017,1.0569568000001,1.28166020000027,-0.385416199999928,0.785442399999797,-0.200335999999983,0.262925600000042,0.291766999999917,0.577526599999997,-0.273062200000002,0.11111259999997,-1.41079560000019,0.023686800000022,0.248864600000094,1.91163959999998,0.0587360000000393,0.162791000000007
0.86221279999999,-1.45738640000001,0.577670400000003,-0.134564047538497,0.0486420275196721,-0.622988238969487,0.769033240097286,-0.386098800000046,0.627267400000057,1.22,1.5738246,-1.67967439999993,-1.04286200000014,0.986477400000118,1.10992000000023,-0.427563199999956,0.922615799999795,-0.215348999999967,0.233542600000046,0.340003199999952,0.580696999999991,-0.273555599999994,0.129376599999978,-1.27785980000021,0.0017320000000536,0.183518800000103,1.91385680000002,0.0357752000000233,0.16400319999998
0.86898919999999,-1.44974360000001,0.575565600000003,-0.119935175995929,0.047817492174011,-0.631713742231855,0.76437346165107,-0.355000200000048,0.588811600000059,1.22,1.5754944,-1.72353259999993,-0.950297000000143,0.907473600000122,0.953905000000241,-0.456843799999955,1.06015319999979,-0.237335999999966,0.202290400000048,0.37252379999995,0.586426999999991,-0.277913399999993,0.144213399999977,-1.13612120000022,-0.0343039999999444,0.114296200000107,1.89773720000002,0.0201188000000242,0.17723979999998
0.875220799999991,-1.44262360000001,0.573856000000002,-0.104546002769625,0.0462602872413734,-0.643030197558425,0.757259720411176,-0.328418400000038,0.55017660000006,1.22,1.55426740000005,-1.76538439999994,-0.887099200000075,0.830201400000119,0.806278800000223,-0.474181599999982,1.20174779999978,-0.262662599999958,0.167589400000057,0.387283999999991,0.594715799999985,-0.283131999999991,0.152834599999991,-0.992220200000225,-0.0787483999999244,0.0441072000001098,1.86238760000007,0.011913200000007,0.195119599999969
0.881179999999991,-1.43576500000001,0.572344000000002,-0.0887474653367064,0.0443232449192479,-0.655449954397536,0.748695328312129,-0.304095000000038,0.511452000000061,1.22,1.52159200000005,-1.80623299999994,-0.838585000000076,0.753795000000119,0.662847000000224,-0.485547999999982,1.34537099999978,-0.289658999999958,0.131164000000057,0.393163999999991,0.604283999999985,-0.288780999999991,0.158347999999991,-0.847238000000227,-0.127396999999924,-0.0265649999998895,1.81742300000007,0.007433000000007,0.215320999999968
0.885568999999993,-1.42928920000001,0.571771000000001,-0.0783540124710274,0.041126478447118,-0.679720815544998,0.728113229116922,-0.260807400000068,0.484144200000043,1.22,1.40804680000018,-1.82201479999998,-0.883739799999929,0.513562800000378,0.564047400000155,-0.300320200000291,1.46450939999981,-0.310118399999968,0.112505200000029,0.405453199999981,0.617341199999979,-0.295665399999989,0.157772600000001,-0.709298000000217,-0.158691799999951,-0.0839669999999097,1.7517362000001,0.00399380000000541,0.230950999999975
0.889732199999994,-1.42285720000001,0.5713318,-0.069923985440415,0.0371709823764791,-0.706752084181013,0.703015252917808,-0.205618400000129,0.462133000000019,1.22,1.27399420000029,-1.82883340000002,-0.953953199999804,0.217990200000662,0.50633639999996,-0.0491528000006242,1.55715119999994,-0.32582519999999,0.101361399999994,0.427350599999933,0.630244399999979,-0.304171399999981,0.155922600000007,-0.576033200000202,-0.185031399999973,-0.13249719999995,1.68135460000013,-0.00183979999998269,0.2413738
0.893443799999994,-1.41651280000001,0.5711602,-0.0654665794175965,0.0317219124576365,-0.739501998634494,0.669211955410973,-0.126626600000129,0.450715000000019,1.22,1.09892680000029,-1.81772560000002,-1.0742837999998,-0.188263199999334,0.53080259999996,0.333893799999372,1.59679979999993,-0.33202679999999,0.105247599999994,0.468464399999933,0.642839599999979,-0.315920599999981,0.151523400000007,-0.452118800000203,-0.201460599999973,-0.16328379999995,1.60158340000013,-0.0124621999999826,0.2413822
0.897474199999993,-1.41063080000001,0.570872200000001,-0.0628445775064441,0.0265424922060013,-0.771726419070912,0.632285053827399,-0.0346400000001623,0.443736200000008,1.22,0.925986200000283,-1.80340540000003,-1.20568719999977,-0.576076599999376,0.639561199999751,0.703613199999402,1.59114040000005,-0.333454800000002,0.117769399999972,0.516573399999915,0.654601199999981,-0.328944199999977,0.145441800000011,-0.340955200000173,-0.21915699999997,-0.187582799999965,1.51615780000015,-0.0240537999999801,0.244405399999993
0.901663999999993,-1.40498000000001,0.570526000000001,-0.0610585084616266,0.0214680463515128,-0.802608277631759,0.592984767264111,0.0638439999998367,0.438977000000008,1.22,0.754109000000285,-1.78747900000003,-1.34262699999977,-0.954669999999372,0.79046599999975,1.0666689999994,1.56282700000005,-0.332496000000002,0.134608999999972,0.568179999999914,0.665945999999981,-0.342604999999977,0.138519000000011,-0.236167000000174,-0.23748699999997,-0.208637999999965,1.42790500000015,-0.03612999999998,0.248935999999992
0.905206999999994,-1.40023340000001,0.569604400000002,-0.0588646904329487,0.0182912350461763,-0.827075191137847,0.558701178757494,0.150341199999852,0.428187800000019,1.22,0.619038800000232,-1.7850358,-1.44478479999982,-1.10155599999975,0.978518599999677,1.1850813999998,1.52575360000006,-0.334609799999996,0.151456399999971,0.605328399999936,0.680861399999974,-0.351789199999984,0.131920200000011,-0.148143400000151,-0.266055399999951,-0.242088599999943,1.33569280000016,-0.0593733999999601,0.256456999999987
0.908161199999997,-1.3964968,0.567741600000006,-0.055690075050587,0.0160059730113426,-0.847982421565414,0.526847451436255,0.229389599999889,0.414327400000034,1.22,0.498275800000159,-1.78952319999997,-1.54168919999985,-1.20919779999995,1.15188539999975,1.25625040000004,1.49788200000002,-0.33998539999998,0.167925399999973,0.63781199999996,0.699800599999953,-0.358958799999995,0.12555980000001,-0.0658186000001223,-0.296864599999939,-0.278843999999925,1.24449820000015,-0.0843657999999509,0.264677799999983
0.909937799999997,-1.3947802,0.563996400000007,-0.050696290839256,0.0155495469963133,-0.86370067569418,0.501207781752008,0.293540399999889,0.394324600000035,1.22,0.40612720000016,-1.80787179999997,-1.62808679999985,-1.23835119999995,1.29588059999975,1.23293260000004,1.48841400000002,-0.351884599999979,0.183637599999973,0.66096599999996,0.726787399999953,-0.362099199999995,0.11967620000001,0.00510859999987703,-0.332155399999939,-0.322208999999925,1.15533880000015,-0.112856199999951,0.274298199999983
0.911213599999998,-1.3934464,0.559761600000008,-0.0449087374097894,0.0170448943483021,-0.876181759589169,0.479581276786471,0.34926279999991,0.371399400000043,1.22,0.328799400000122,-1.82443159999997,-1.70424799999988,-1.25380659999999,1.4212189999998,1.19228920000009,1.4844512,-0.366436999999972,0.200976999999968,0.681549599999966,0.75094659999996,-0.3632032,0.114614600000008,0.0640481999999077,-0.360394599999957,-0.361938799999934,1.06806060000015,-0.135470599999966,0.285569799999979
0.912238999999998,-1.392304,0.555282000000008,-0.0387202025412682,0.0195130862667198,-0.886911016777429,0.459900895518086,0.400770999999907,0.347013000000044,1.22,0.258882000000126,-1.84009699999997,-1.77529099999987,-1.26241299999998,1.53722899999979,1.14298300000009,1.483241,-0.382315999999971,0.219129999999967,0.700847999999965,0.773691999999959,-0.363289,0.109964000000008,0.116993999999905,-0.385107999999955,-0.399850999999932,0.981723000000155,-0.155146999999965,0.297666999999978
0.912455,-1.38900760000001,0.551901600000006,-0.0336621713671973,0.0252662583959243,-0.895943476127469,0.44216938156112,0.437340999999934,0.326298600000038,1.22,0.197097600000112,-1.83609260000001,-1.81856599999992,-1.25679160000001,1.61857099999985,1.09220680000009,1.49378299999998,-0.395829799999976,0.237747999999966,0.710605199999982,0.778757199999991,-0.362735800000001,0.107792600000004,0.143788199999952,-0.389125599999993,-0.417686599999968,0.913434000000124,-0.162429199999987,0.31406019999997
0.912349800000001,-1.38462480000001,0.549374600000001,-0.0300703062260537,0.0318598031081325,-0.904792767965387,0.423592701385324,0.470446199999952,0.307342600000028,1.2201666,0.131359400000134,-1.82142320000007,-1.85427499999996,-1.24593860000004,1.68603499999993,1.04397460000008,1.50761379999996,-0.407010399999988,0.257600399999959,0.715525200000009,0.777532600000025,-0.361906000000003,0.105852400000003,0.16351199999999,-0.385111000000037,-0.425741400000021,0.850867600000093,-0.170082799999985,0.327775399999985
0.911602200000001,-1.37806920000001,0.548554400000002,-0.0294257287669849,0.0401403914084381,-0.913621242414285,0.403508489221091,0.496621799999952,0.291903400000028,1.2206664,0.0577136000001347,-1.78542380000007,-1.87485199999996,-1.22462240000004,1.72574299999993,1.00083040000008,1.52802219999996,-0.413524599999988,0.279921599999959,0.710770800000009,0.763728400000025,-0.360523000000003,0.104374600000003,0.16909499999999,-0.365032000000037,-0.414234600000021,0.799746400000093,-0.178479199999985,0.336134599999985
0.910125000000003,-1.37181120000001,0.546739800000004,-0.0293402646020043,0.0481538305873082,-0.921849839447771,0.383423044407835,0.520826599999956,0.278567000000023,1.22587779999999,-0.013524599999868,-1.74846680000007,-1.88674019999999,-1.19775940000006,1.74129619999999,0.963312600000065,1.55555259999994,-0.418548399999992,0.301022399999961,0.701623600000021,0.750593400000024,-0.358357200000005,0.102237600000005,0.165100400000017,-0.345214200000037,-0.38562620000007,0.756051600000075,-0.189472799999977,0.337887800000003
0.908283000000003,-1.36570200000001,0.544428000000004,-0.0295268566302051,0.0560191390884183,-0.92953956193162,0.363244027614087,0.544045999999956,0.266282000000023,1.23344499999999,-0.0835589999998673,-1.71103100000007,-1.89428399999999,-1.16812300000006,1.74477199999999,0.928608000000066,1.58664399999994,-0.422826999999992,0.321512999999961,0.690280000000022,0.737793000000024,-0.355800000000005,0.0997710000000047,0.156317000000017,-0.325527000000037,-0.34846700000007,0.716070000000076,-0.201764999999977,0.336338000000003
0.906674400000003,-1.35829320000001,0.544227,-0.0355886163746516,0.0663835712907349,-0.938683399211839,0.336452296605824,0.569809999999951,0.250137800000031,1.22554480000002,-0.176155199999824,-1.66668800000008,-1.89798359999999,-1.13075680000007,1.74191600000001,0.894547200000065,1.61757999999994,-0.417971200000009,0.359974799999927,0.675732400000028,0.723781200000027,-0.352816800000006,0.0980460000000033,0.144785000000022,-0.290424000000067,-0.319520000000055,0.671820600000084,-0.214126199999976,0.334848800000003
0.905933999999998,-1.35159560000001,0.544827199999996,-0.0391170196482917,0.0708356842907727,-0.94749129360445,0.309374228320102,0.612247199999855,0.235216200000024,1.15859120000035,-0.30414179999962,-1.57559980000035,-1.90896479999995,-1.07884340000016,1.7400096,0.879312199999957,1.65739119999989,-0.408758200000034,0.394568599999949,0.678620399999928,0.7144074,-0.345447600000031,0.0940416000000164,0.12844200000005,-0.26346240000002,-0.28461400000009,0.623510200000108,-0.229776399999957,0.334258399999998
0.906929999999998,-1.34632040000001,0.547029799999996,-0.0376109140816033,0.0635252363081231,-0.956546323138332,0.282079944669026,0.688030799999851,0.222739800000025,0.973530800000365,-0.502909199999608,-1.39102120000036,-1.93450919999995,-0.99783560000016,1.7400024,0.901728799999956,1.71495279999989,-0.390830800000035,0.421426399999947,0.716379599999926,0.7143096,-0.329306400000032,0.0854784000000169,0.102477000000051,-0.252783600000021,-0.237790000000092,0.567077800000111,-0.252004599999956,0.335465599999998
0.908293999999997,-1.34180600000001,0.549035199999996,-0.0326443590998782,0.0508305865673839,-0.964369828659146,0.257568303290802,0.76729759999984,0.214905800000011,0.752511200000473,-0.713056999999573,-1.19024100000041,-1.95156279999997,-0.91023660000018,1.74,0.938495399999913,1.7679459999999,-0.368431000000049,0.436141799999983,0.765337199999892,0.714741799999999,-0.311426400000037,0.0752792000000218,0.0760188000000529,-0.251687199999993,-0.191155600000092,0.513486600000103,-0.271153599999965,0.337460799999995
0.909841999999997,-1.33767200000001,0.550941999999996,-0.0259356825473035,0.0354274941676246,-0.971160672698816,0.23434841759865,0.848305999999839,0.209393000000011,0.513512000000475,-0.928894999999571,-0.981360000000416,-1.96437099999997,-0.819342000000181,1.74,0.982436999999913,1.8186549999999,-0.343795000000049,0.444785999999983,0.819893999999891,0.715438999999999,-0.292677000000037,0.0642620000000219,0.0493140000000531,-0.255381999999993,-0.144616000000093,0.461316000000104,-0.288762999999965,0.339849999999995
0.9098,-1.33257560000001,0.548910400000004,-0.0178983598814148,0.0219370589252242,-0.975517329716958,0.218092534446188,0.905169799999886,0.210888199999997,0.357688400000311,-1.07121259999972,-0.86111280000024,-1.93675780000006,-0.750958800000137,1.7400036,1.01575019999993,1.83952899999996,-0.325706200000036,0.442890600000004,0.861940799999916,0.714413000000002,-0.278148600000029,0.0548198000000189,0.0260544000000465,-0.263676999999983,-0.106139200000077,0.432807600000057,-0.298285599999981,0.340592199999998
0.909098200000004,-1.32613880000002,0.546427200000007,-0.0129953257088997,0.0133100829467114,-0.979229924857618,0.20189778964866,0.947045399999976,0.212898199999994,0.253372400000003,-1.17652179999994,-0.777138200000024,-1.89353760000015,-0.696575400000054,1.7403162,1.03600740000001,1.84619600000004,-0.309300600000027,0.447752999999962,0.890792599999995,0.710912600000017,-0.266498600000012,0.0471200000000087,0.00492040000003471,-0.263238000000037,-0.0782478000000138,0.414999399999993,-0.306348799999989,0.339587600000009
0.907076800000004,-1.31702120000002,0.543040800000007,-0.0143752389848591,0.0144284262141615,-0.982341890343176,0.185982750539145,0.958944599999975,0.215937799999994,0.252071600000003,-1.20781419999994,-0.765708800000024,-1.81910340000015,-0.670191600000055,1.7412468,1.03015260000001,1.82444900000004,-0.296261400000027,0.466130999999962,0.893254399999995,0.702463400000018,-0.260605400000012,0.0429050000000087,-0.0119623999999651,-0.245331000000037,-0.0715272000000139,0.418591599999993,-0.311493199999989,0.335089400000009
0.905391400000003,-1.30796320000002,0.539922400000006,-0.0150439005665367,0.0143714878881368,-0.984681220832741,0.17311855686485,0.975113399999962,0.218600199999995,0.245038400000021,-1.23502019999995,-0.721517800000126,-1.74915960000014,-0.641890200000061,1.73979740000001,1.029509,1.80634840000003,-0.286298600000017,0.488507799999949,0.903508599999971,0.702295799999992,-0.249817400000027,0.0362040000000165,-0.0333715999999509,-0.230514800000027,-0.0626154000000208,0.429838599999969,-0.325811599999961,0.329128400000014
0.903874000000003,-1.29893500000002,0.536938000000006,-0.0153565863278522,0.0137266302352319,-0.986612422864254,0.161776642098504,0.993416999999962,0.221073999999995,0.235139000000021,-1.26018299999995,-0.660946000000126,-1.68146100000014,-0.612630000000061,1.73715800000001,1.031471,1.79007100000003,-0.277874000000018,0.512883999999949,0.91765899999997,0.706268999999992,-0.236582000000028,0.0282600000000166,-0.0570439999999507,-0.217244000000028,-0.0526080000000209,0.444912999999969,-0.344716999999961,0.322436000000014
0.902071000000004,-1.29025720000002,0.534665800000005,-0.0168340358061203,0.0146766564655759,-0.98761627005823,0.155291062555896,0.999358199999987,0.221065,0.241563799999986,-1.27903439999996,-0.606029200000118,-1.63118280000011,-0.584878800000059,1.72791860000002,1.02745820000001,1.77765940000003,-0.271781000000013,0.539772999999942,0.911672800000013,0.712307999999987,-0.219690200000036,0.0159930000000263,-0.0795541999999518,-0.202586600000031,-0.0518616000000016,0.473271999999939,-0.367263799999952,0.314226800000018
0.900200000000004,-1.28169000000002,0.532539200000004,-0.0184189584133779,0.015273789716883,-0.988487438397188,0.149398920510211,1.0026552,0.220339600000005,0.250809399999968,-1.30151759999994,-0.563719800000037,-1.59135220000004,-0.556570600000063,1.71743180000003,1.02277900000001,1.76765120000001,-0.266770600000006,0.564378799999957,0.891753800000103,0.716904599999996,-0.202609000000038,0.000730000000045711,-0.101800399999953,-0.188714600000026,-0.0517733999999974,0.505511199999914,-0.388925999999957,0.30562260000002
0.898193000000004,-1.27334400000002,0.530703800000004,-0.0202198163933299,0.0151660032328964,-0.989152258669134,0.144703008056886,1.0006638,0.218181400000005,0.265696599999968,-1.33126439999994,-0.546625200000037,-1.57241680000004,-0.527148400000064,1.70445020000003,1.01676700000001,1.76244980000001,-0.263925400000006,0.584418199999957,0.843969200000103,0.718616399999996,-0.185149000000038,-0.0205249999999541,-0.123518599999953,-0.176413400000027,-0.0530015999999973,0.545510799999914,-0.408818999999957,0.29622840000002
0.896468800000003,-1.26590160000001,0.529228400000003,-0.0220407572702951,0.0136850101706382,-0.989891958335019,0.139430399623767,1,0.215104000000008,0.282744999999961,-1.36464599999992,-0.538784200000007,-1.57379459999997,-0.495651000000071,1.69710620000001,1.0132694,1.75827000000001,-0.260403000000008,0.594502799999989,0.775233400000172,0.71290900000002,-0.171364600000026,-0.0460863999999399,-0.14292959999996,-0.167161800000017,-0.0533646000000002,0.584193999999918,-0.422651999999977,0.286778600000021
0.894886000000004,-1.25891100000002,0.527933000000003,-0.0238711913292683,0.0115170923103073,-0.990644940088658,0.133866072945974,1,0.211567000000008,0.30087399999996,-1.39984499999992,-0.535570000000007,-1.58532899999997,-0.463116000000072,1.69258100000001,1.01102900000001,1.75460100000001,-0.256542000000009,0.599609999999989,0.696022000000176,0.703492000000021,-0.159418000000027,-0.0738009999999383,-0.161186999999959,-0.159435000000017,-0.0532950000000002,0.622218999999915,-0.433454999999976,0.277301000000021
0.894674800000001,-1.25404500000001,0.525879800000005,-0.0236686303726339,0.00706513304299367,-0.991207013940522,0.129994366595182,1,0.214437399999994,0.309587199999981,-1.42928159999993,-0.517352200000041,-1.63746779999988,-0.431401200000071,1.66803680000005,1.00377380000002,1.78323839999994,-0.27007979999997,0.583864200000035,0.603981400000206,0.695788600000017,-0.149415400000022,-0.134673399999864,-0.199661399999914,-0.166670999999984,-0.0516048000000038,0.683292999999863,-0.468369599999922,0.261387800000036
0.8945066,-1.24937020000001,0.524056600000003,-0.0235356508214946,0.00243443232831152,-0.991641768116636,0.126833553944373,1,0.218724399999984,0.3153636,-1.45246339999998,-0.496800200000057,-1.69163019999987,-0.39983400000007,1.64486480000005,0.995432800000024,1.81495999999991,-0.282350999999978,0.567719800000038,0.524466600000122,0.688222000000016,-0.140344200000016,-0.193978799999874,-0.235504199999931,-0.173626599999986,-0.0492066000000086,0.740441799999889,-0.504339599999915,0.245668200000034
0.8944244,-1.24507780000001,0.522693400000003,-0.0235427831053919,-0.00255341347690611,-0.991861514365083,0.125099775238302,1,0.225844599999984,0.3152664,-1.46313559999998,-0.471579800000057,-1.74983979999987,-0.368562000000071,1.62443720000005,0.984920200000024,1.85284999999991,-0.292088999999978,0.550778200000038,0.470003400000123,0.680929000000016,-0.133135800000016,-0.250150199999873,-0.266083799999931,-0.180021399999986,-0.0453924000000086,0.789740199999889,-0.542420399999914,0.230335800000035
0.8943594,-1.24099860000001,0.5221194,-0.0238000050479124,-0.0077452588760169,-0.99184456959974,0.124971678712296,1,0.240310399999958,0.309317600000021,-1.46283540000001,-0.449536200000047,-1.7991297999999,-0.343038800000052,1.60993280000003,0.977956800000012,1.88289319999994,-0.294403000000003,0.538021400000025,0.447981800000013,0.672230000000022,-0.123049800000027,-0.286551599999939,-0.289217799999955,-0.184317799999993,-0.0367926000000254,0.829593799999919,-0.570712799999946,0.216772600000029
0.894303,-1.23702600000001,0.52194,-0.024181922933857,-0.0130389584457148,-0.99169483953606,0.125644599579213,1,0.258448999999958,0.300443000000021,-1.45704900000001,-0.429081000000047,-1.8439599999999,-0.320390000000053,1.59839000000003,0.972768000000012,1.90901299999994,-0.293005000000003,0.527357000000025,0.442181000000013,0.662828000000022,-0.111525000000027,-0.313067999999939,-0.308628999999955,-0.187564999999992,-0.0258000000000255,0.864724999999918,-0.594110999999946,0.204094000000029
0.893706600000001,-1.23325860000001,0.523234199999997,-0.0259726691132979,-0.0174971895560636,-0.991282696413504,0.127976109520269,1,0.280995199999947,0.289440800000026,-1.44113820000004,-0.418785000000024,-1.86752199999995,-0.30733220000003,1.60791559999998,0.97693979999999,1.90306520000001,-0.274997200000042,0.522833600000011,0.466107799999944,0.644323400000043,-0.0982512000000309,-0.302880000000024,-0.305316400000008,-0.183585200000009,-0.0122634000000315,0.871753999999984,-0.587883000000014,0.197965600000014
0.8932856,-1.22975620000001,0.524398999999998,-0.0275133543424004,-0.0219788811808574,-0.990738379143416,0.131138888996152,1,0.304149999999943,0.276221800000041,-1.42536560000004,-0.409910200000014,-1.89362679999993,-0.298548000000001,1.614633,0.981966199999984,1.89725500000001,-0.260225400000019,0.516411600000024,0.486565999999968,0.626664000000037,-0.0838888000000387,-0.295650400000003,-0.304266199999992,-0.182511999999989,-0.000976600000015882,0.881556999999964,-0.584677399999993,0.191658000000016
0.8932154,-1.22678380000001,0.525304999999998,-0.0285543350399306,-0.0265077092111963,-0.98994703424996,0.135966395416336,1,0.328521999999942,0.258569200000042,-1.40986940000004,-0.403877800000014,-1.92481719999993,-0.298311000000001,1.615734,0.988701799999984,1.89172000000001,-0.25192560000002,0.506192400000025,0.500086999999968,0.610695000000038,-0.0673492000000396,-0.294337600000003,-0.307740799999992,-0.187251999999989,0.00581059999998373,0.896907999999963,-0.587516599999993,0.184992000000016
0.892960400000001,-1.22383260000001,0.526096199999998,-0.0298419172874124,-0.030559529105699,-0.989041556810956,0.141323650017996,1,0.34782559999996,0.239144600000049,-1.39356560000004,-0.403176999999995,-1.95604759999992,-0.302957999999983,1.62290299999998,0.995384599999984,1.88304220000002,-0.244856200000016,0.496238400000024,0.508086399999987,0.595173600000037,-0.0544536000000267,-0.294733999999997,-0.305379400000013,-0.191373199999991,0.00711180000000347,0.904242199999992,-0.591820999999988,0.180429600000008
0.892613000000001,-1.22089200000001,0.526829999999998,-0.0312520186877562,-0.0343720205534169,-0.988053590826091,0.1469420878669,1,0.36459499999996,0.218834000000049,-1.37685800000004,-0.405141999999995,-1.98729799999992,-0.310046999999983,1.63310599999998,1.00204099999998,1.87279300000002,-0.238402000000016,0.486417000000024,0.513324999999987,0.579876000000037,-0.0433800000000268,-0.295984999999997,-0.300100000000013,-0.195184999999991,0.00567000000000348,0.907567999999992,-0.596857999999988,0.176919000000008
0.892368800000001,-1.21842060000001,0.527148599999999,-0.0324963842768821,-0.0379408805216092,-0.98691937484287,0.153279555564115,1,0.380709199999961,0.193700000000061,-1.35625820000005,-0.4049866,-2.01688699999993,-0.323090399999968,1.64686879999997,1.00748779999999,1.86271300000002,-0.235250200000008,0.476521200000024,0.513157,0.567097200000031,-0.0354714000000192,-0.297408199999997,-0.294688600000013,-0.199077799999991,0.00428340000000336,0.911382799999991,-0.601729999999988,0.174178200000007
0.892121200000001,-1.2161202,0.527372,-0.0338212722922212,-0.0413787803507973,-0.985699281611288,0.159815031546496,1.0000008,0.396742599999961,0.167650600000069,-1.33348120000007,-0.403123400000013,-2.04364819999995,-0.336608399999964,1.66116839999996,1.01183999999999,1.85365640000002,-0.232803800000003,0.466914200000022,0.511409600000012,0.555361000000024,-0.0282842000000143,-0.298882799999996,-0.288932400000016,-0.202345799999995,0.00357279999999841,0.915555599999988,-0.605958199999993,0.171715400000005
0.891866800000001,-1.2141618,0.527405,-0.035308840549844,-0.044556610733399,-0.984358178037036,0.166754224985714,1.0000032,0.412614399999961,0.139770400000069,-1.30634980000007,-0.397844600000013,-2.06475379999995,-0.351075599999964,1.67654159999996,1.01400299999999,1.84664660000002,-0.231768200000003,0.457884800000022,0.506503400000012,0.545710000000024,-0.0225398000000143,-0.300460199999996,-0.282486600000016,-0.204364199999995,0.0042141999999984,0.920444399999988,-0.608898799999993,0.169808600000005
0.891626000000001,-1.2125758,0.527263600000001,-0.0368222141901474,-0.0475659099226041,-0.982918680390785,0.173932390583834,1.0004512,0.427458199999964,0.111502600000071,-1.27602760000008,-0.39083580000002,-2.07839779999997,-0.36650039999996,1.69314399999996,1.0146616,1.83984880000002,-0.231801399999999,0.44949980000002,0.501448000000013,0.537842200000017,-0.0170910000000133,-0.3010556,-0.275354400000019,-0.206320999999995,0.00472239999999889,0.924342799999991,-0.612941799999988,0.168575800000002
0.891392000000001,-1.211176,0.527035000000001,-0.0383471974475399,-0.0504892599663273,-0.981396053152593,0.18122393311173,1.001122,0.441787999999964,0.0830410000000714,-1.24411000000008,-0.38296200000002,-2.08831099999998,-0.38240399999996,1.71036099999996,1.014568,1.83315700000002,-0.232368999999999,0.44143700000002,0.496318000000013,0.530866000000017,-0.0117900000000133,-0.30116,-0.267879000000019,-0.208246999999995,0.00516399999999889,0.927745999999991,-0.617535999999988,0.167680000000002
0.89138,-1.210333,0.526672000000001,-0.0395137099948923,-0.0533264267561886,-0.979909999539191,0.188072729907766,0.998795800000006,0.454685599999967,0.0586834000000625,-1.21365100000008,-0.376015200000018,-2.088593,-0.400162199999954,1.72309899999997,1.01150860000001,1.82511700000002,-0.234561999999994,0.432792800000022,0.491132200000013,0.525670000000013,-0.00686280000001265,-0.299546000000004,-0.260485200000019,-0.212806399999988,0.00345640000000438,0.928032799999999,-0.625749399999979,0.168089799999999
0.891248600000001,-1.209629,0.5264108,-0.0406596413854148,-0.0560156072183024,-0.978451249499549,0.194530711362362,0.995536800000013,0.466089999999978,0.0393728000000237,-1.18534200000006,-0.369945600000011,-2.0890562,-0.414739399999979,1.73348859999999,1.00723700000002,1.81851460000001,-0.235639600000003,0.424049800000023,0.485648400000016,0.51963800000002,-0.00265040000000717,-0.297825000000005,-0.251495000000031,-0.216865799999992,0.000382400000014964,0.92569200000002,-0.633413399999983,0.168203800000001
0.890878400000001,-1.209203,0.5263532,-0.0417671600592317,-0.058412502709957,-0.977115850426215,0.200220125645752,0.990412200000013,0.474507999999978,0.0301562000000238,-1.16133300000006,-0.365630400000011,-2.0898818,-0.422954599999979,1.73918139999999,1.00054100000002,1.81478740000001,-0.234486400000003,0.415109200000023,0.479568600000016,0.51193400000002,0.000132399999992803,-0.295890000000005,-0.239312000000031,-0.219925199999992,-0.00542439999998498,0.91809600000002,-0.639978599999983,0.167726200000001
0.890354200000002,-1.2089682,0.526517999999999,-0.0426582921148852,-0.0605018138447437,-0.975932093550462,0.205125204237679,0.984676800000016,0.480197999999989,0.0330815999999766,-1.14421280000004,-0.363625600000002,-2.09314499999999,-0.425415800000001,1.7408138,0.99310660000002,1.81527339999999,-0.231723600000009,0.405951800000024,0.472557600000019,0.502797200000026,0.00177639999999721,-0.294515800000003,-0.225143800000039,-0.222453799999994,-0.0131563999999774,0.906516800000035,-0.644354599999991,0.166395400000005
0.889753000000002,-1.208829,0.526793999999999,-0.043440885881375,-0.0624368359792666,-0.974816439170329,0.209636449287856,0.978636000000016,0.484523999999989,0.0420779999999761,-1.13053700000004,-0.362776000000002,-2.09762699999999,-0.425000000000001,1.740416,0.985303000000021,1.81786599999999,-0.228156000000009,0.396686000000025,0.46508100000002,0.492944000000026,0.00285099999999715,-0.293422000000003,-0.20998300000004,-0.224716999999994,-0.0218509999999769,0.892946000000036,-0.647635999999991,0.164638000000005
0.889313200000001,-1.2089802,0.527235599999999,-0.043938564529203,-0.0640446405463314,-0.973945437128062,0.213067998680779,0.973864200000013,0.486623999999994,0.067253999999933,-1.1315732,-0.369036399999983,-2.10396119999998,-0.422445200000007,1.7401664,0.979151800000016,1.82271459999999,-0.22436100000001,0.387569600000024,0.456707400000022,0.483341000000026,0.00335799999999865,-0.293086600000001,-0.19493080000004,-0.227451199999993,-0.0309217999999759,0.876674000000043,-0.648898399999997,0.162778000000005
0.8890716,-1.2092872,0.527647399999999,-0.0444096549365168,-0.0657078806619,-0.973127409103597,0.21617886718794,0.968738400000016,0.489333999999989,0.0957917999999058,-1.13873819999995,-0.377630599999965,-2.10926259999999,-0.421473799999994,1.74,0.97381120000001,1.8264208,-0.221483800000003,0.378252200000026,0.447959600000025,0.475242600000014,0.00402239999999738,-0.292748200000001,-0.181035800000031,-0.231466799999982,-0.0394479999999801,0.861130800000038,-0.650462199999994,0.1615612
0.8892264,-1.2099058,0.527999599999999,-0.0448284012288388,-0.0674832012342851,-0.972433831912975,0.218652405761945,0.962904600000016,0.493263999999989,0.131053199999905,-1.15816079999995,-0.390892399999965,-2.11249839999999,-0.423669199999994,1.74,0.97009180000001,1.8278422,-0.220442200000003,0.368532800000026,0.438463400000025,0.470153400000014,0.00500159999999737,-0.292403800000001,-0.169455200000031,-0.238045199999982,-0.0468849999999801,0.847045200000038,-0.652628799999994,0.1616308
0.889471199999999,-1.2107696,0.528371799999999,-0.0457668600261772,-0.0694902913936119,-0.971809852921131,0.220594885912584,0.956308800000019,0.498277599999985,0.171282599999883,-1.1895233999999,-0.405762999999957,-2.11511939999999,-0.425190599999997,1.74,0.967769200000004,1.8272512,-0.219633800000002,0.359149400000025,0.428678800000027,0.468813399999999,0.00565799999999865,-0.292447399999999,-0.157713000000032,-0.244860799999981,-0.0529243999999854,0.834368000000033,-0.654258599999996,0.162575599999996
0.889760999999999,-1.211756,0.528753999999999,-0.0469649767165517,-0.0716129644970165,-0.971216518507877,0.222270889806562,0.949332000000019,0.503832999999985,0.213995999999883,-1.2268559999999,-0.421437999999957,-2.11743299999999,-0.426374999999997,1.74,0.966145000000005,1.825654,-0.218942000000002,0.349934000000025,0.418750000000027,0.469347999999998,0.00615299999999864,-0.292684999999999,-0.145890000000032,-0.251794999999981,-0.0582649999999853,0.822395000000033,-0.655619999999996,0.163957999999996
0.890062199999999,-1.2128672,0.529010799999999,-0.0489272064590028,-0.073946111759952,-0.970583878592053,0.223841541365558,0.941320800000022,0.512306799999977,0.258126599999878,-1.27556939999987,-0.431544999999972,-2.12042399999999,-0.4262154,1.74,0.966590799999999,1.82096860000001,-0.220600999999995,0.34267220000002,0.409018600000027,0.479127399999973,0.00725759999999695,-0.295756399999992,-0.133915800000033,-0.258683599999981,-0.0612931999999917,0.814335800000022,-0.656034599999999,0.166304599999994
0.890412399999999,-1.2139978,0.529152,-0.0510180271210396,-0.0764105398587931,-0.969919100393503,0.225423000155314,0.933053600000024,0.521740799999969,0.301665199999883,-1.32424979999987,-0.437872000000003,-2.12353519999999,-0.425845800000002,1.74,0.967677999999993,1.81547600000002,-0.223918599999982,0.336418800000012,0.39895040000003,0.493456999999935,0.00948879999998759,-0.300770999999975,-0.12232660000003,-0.265892799999978,-0.0636791999999969,0.807836400000009,-0.656406999999999,0.168926199999991
0.890860599999999,-1.2151672,0.529062,-0.0533664837812392,-0.0791382205340989,-0.969199337103432,0.227028204013931,0.924274400000025,0.533095199999968,0.34401979999988,-1.37286419999986,-0.436639000000003,-2.12688679999999,-0.425056200000002,1.74,0.970047999999993,1.80836900000002,-0.230553399999981,0.332182200000012,0.38820860000003,0.516886999999934,0.0139731999999873,-0.309671999999975,-0.111507400000031,-0.273743199999978,-0.0647807999999969,0.80445660000001,-0.656694999999999,0.172097799999991
0.891605599999997,-1.2166146,0.528512000000002,-0.0554593481347124,-0.0821459154537765,-0.968533309321096,0.228297038995821,0.915874800000023,0.545137599999965,0.38392439999989,-1.4118033999999,-0.427002400000039,-2.12912519999999,-0.424273800000002,1.74,0.973445999999989,1.80041720000002,-0.241857399999961,0.329992400000003,0.374602000000043,0.549929799999893,0.0220003999999722,-0.31977979999997,-0.102944200000021,-0.28344799999997,-0.0648672000000012,0.804119999999997,-0.657750199999996,0.176007399999988
0.892498999999997,-1.218201,0.527732000000002,-0.0574239947970936,-0.0852929922720198,-0.967886912304612,0.229395979215575,0.907665000000023,0.557523999999965,0.42260399999989,-1.4459049999999,-0.413164000000039,-2.130807,-0.423495000000002,1.74,0.977357999999989,1.79204300000002,-0.255495999999961,0.328826000000003,0.359563000000043,0.587778999999892,0.0317989999999721,-0.33049099999997,-0.0955090000000211,-0.29407999999997,-0.0644460000000012,0.805304999999997,-0.659188999999996,0.180285999999988
0.893995399999996,-1.22057219999999,0.526279400000004,-0.0587950528942602,-0.088593076905285,-0.967677322164082,0.228681019433112,0.902550000000015,0.569082399999967,0.457078799999902,-1.45608459999997,-0.390634000000064,-2.130966,-0.422482800000003,1.74,0.982165199999986,1.78379540000002,-0.274322199999946,0.329961799999997,0.338273800000061,0.634394799999867,0.0459793999999596,-0.337205599999981,-0.0928984000000074,-0.30821479999996,-0.0622542000000062,0.810599999999985,-0.661919599999992,0.186189399999983
0.895613599999995,-1.22335819999999,0.524622400000006,-0.0600700966739274,-0.0915877496395662,-0.967739705878714,0.226898940648311,0.898860400000002,0.580103999999971,0.489996999999913,-1.45721440000005,-0.368525400000062,-2.1309692,-0.420503200000011,1.74,0.986857999999987,1.77650860000002,-0.292060799999955,0.331176799999996,0.314779000000081,0.678572799999886,0.0603067999999575,-0.342172599999996,-0.0908000000000031,-0.322715199999956,-0.0595764000000106,0.815379799999989,-0.664107199999997,0.191751399999986
0.897475399999995,-1.22697379999999,0.522556600000006,-0.0611535195801605,-0.0939722006212425,-0.968352976799641,0.222984270469093,0.898021600000002,0.590051999999971,0.519801999999913,-1.44024460000005,-0.347259600000062,-2.1306608,-0.416588800000011,1.74,0.991321999999987,1.77114340000002,-0.307624199999955,0.332550199999996,0.286873000000081,0.717875199999885,0.0749281999999573,-0.343644399999996,-0.0897260000000031,-0.337946799999956,-0.0559266000000107,0.819129199999989,-0.665208799999997,0.196630599999986
0.900130399999991,-1.23174499999998,0.519013200000012,-0.0614462958277405,-0.0953039241301372,-0.969467013004223,0.21742866754666,0.901950399999982,0.598189999999979,0.543768599999938,-1.39967520000015,-0.338314600000008,-2.13324719999999,-0.424511999999959,1.74127599999999,0.998847599999973,1.75985580000004,-0.332624399999913,0.340073599999969,0.257428600000088,0.761624799999865,0.0773264000000109,-0.344262599999999,-0.10528479999993,-0.356045599999943,-0.0435052000000492,0.839011799999918,-0.673598399999965,0.212286999999938
0.903181999999991,-1.23709399999998,0.514731000000013,-0.061342000554495,-0.0961065676022492,-0.970803834862434,0.211046442396169,0.908262999999982,0.605422999999979,0.564815999999938,-1.34730600000015,-0.335530000000008,-2.13728099999999,-0.438353999999959,1.74318999999999,1.00790399999997,1.74560700000004,-0.362342999999913,0.350671999999969,0.227215000000089,0.807597999999865,0.0736130000000109,-0.344453999999999,-0.12915999999993,-0.375577999999943,-0.0266980000000494,0.866960999999918,-0.685631999999965,0.233331999999938
0.90635959999999,-1.24417699999998,0.509188200000017,-0.0601476508187914,-0.095263374650516,-0.972254091550011,0.205010075399817,0.915833799999977,0.608485999999991,0.571310999999981,-1.25046540000029,-0.363852399999915,-2.12286600000004,-0.455935799999947,1.74120040000001,1.01596739999998,1.73570580000003,-0.386156999999929,0.375375799999926,0.209404600000053,0.828045999999939,0.0582716000000459,-0.344651999999999,-0.163595199999897,-0.393142399999947,-0.00418000000006741,0.905038199999886,-0.701614199999952,0.261929799999914
0.909491599999991,-1.25190919999997,0.503793600000015,-0.0588463069881961,-0.0940115694464771,-0.973513261117755,0.19992715521393,0.921149199999997,0.611251799999993,0.568501600000064,-1.13835720000043,-0.39601139999988,-2.08992580000021,-0.468400799999993,1.73110440000008,1.0212268,1.73365299999996,-0.403620599999986,0.402870199999901,0.196552400000009,0.833613400000073,0.0442200000000345,-0.344599200000002,-0.195836399999916,-0.409600599999957,0.0165553999999484,0.940895399999906,-0.716465399999962,0.289971799999919
0.912532399999991,-1.26093979999997,0.498695400000015,-0.0573343633057788,-0.0919478981531097,-0.974444866329101,0.196762692841926,0.921953799999997,0.613423199999994,0.547083400000065,-0.99571380000043,-0.43584359999988,-2.01993520000021,-0.470632199999993,1.70479560000008,1.0208782,1.74729699999996,-0.408383399999986,0.4359457999999,0.193616600000009,0.809419600000073,0.0327480000000346,-0.344044800000002,-0.223689599999916,-0.423846399999957,0.0337255999999483,0.972312599999905,-0.729054599999962,0.316902199999919
0.915537599999991,-1.27162639999997,0.495818800000005,-0.0558217741970617,-0.0894678390784301,-0.975379794610089,0.19368451554657,0.918131600000019,0.618029799999982,0.468140800000326,-0.838409200000497,-0.393583000000252,-1.89737860000045,-0.452078800000087,1.65452200000019,1.01270000000004,1.78225899999986,-0.395628600000065,0.463802999999924,0.196081999999984,0.754613000000212,0.0289755999999998,-0.342212800000007,-0.238525199999975,-0.436062599999966,0.0434789999999817,0.986244199999984,-0.734997799999992,0.331431399999975
0.918524999999991,-1.28314099999996,0.494053000000005,-0.0543082805406476,-0.086778654603286,-0.976306111971043,0.190647453426339,0.911996000000019,0.623853999999982,0.360436000000332,-0.673774000000507,-0.310276000000257,-1.74853900000046,-0.423133000000089,1.59226600000019,1.00060700000004,1.82787999999986,-0.374115000000066,0.489050999999922,0.201247999999984,0.684500000000216,0.0290529999999998,-0.339742000000008,-0.246851999999974,-0.447263999999966,0.0495239999999814,0.991432999999984,-0.737617999999992,0.339759999999974
0.922041599999989,-1.29488719999996,0.492317800000005,-0.0511368625819566,-0.0773544990278649,-0.977555814208455,0.189171702092745,0.902519600000029,0.627820599999988,0.489206799999602,-0.433922800000741,-0.342854799999899,-1.44689680000093,-0.3908338000001,1.51281280000025,0.975927800000076,1.87651299999985,-0.36778680000002,0.517334399999913,0.192194600000028,0.612720800000222,0.0202936000000271,-0.33333040000002,-0.260683199999957,-0.454066199999979,0.0465720000000091,1.00036339999997,-0.742038799999986,0.343580199999988
0.925570999999989,-1.30604959999997,0.49007020000001,-0.0474229278379635,-0.0672227492567904,-0.978472792339318,0.189270078325477,0.890576000000052,0.630683599999998,0.655346799999254,-0.190022600000781,-0.39359819999973,-1.12828040000109,-0.356137400000122,1.43213620000026,0.945184000000133,1.92309839999987,-0.366341599999974,0.545253399999916,0.178426600000072,0.542538600000207,0.00837840000005647,-0.325223400000036,-0.272308599999978,-0.460972999999978,0.0384300000000574,1.00776439999999,-0.745615199999994,0.345834000000003
0.929125999999989,-1.31604439999997,0.48679780000001,-0.0426272501644494,-0.0556811320667111,-0.978782637425925,0.192528121968554,0.873698000000052,0.631339399999998,0.896225199999251,0.0619755999992169,-0.480670799999729,-0.775715600001096,-0.316646600000123,1.34901280000026,0.902311000000133,1.96558859999987,-0.374662399999974,0.572443599999916,0.155229400000072,0.475550400000208,-0.00984839999994336,-0.313725600000036,-0.279522399999978,-0.468088999999978,0.0199080000000576,1.01210659999999,-0.747502799999994,0.344955000000003
0.9302398,-1.32634119999997,0.482589800000015,-0.0383455628372644,-0.0445564959187415,-0.978365633702024,0.198355799695835,0.863503600000022,0.627491600000019,1.10460919999939,0.253222599999491,-0.637501799999393,-0.423150800001116,-0.26762220000017,1.27034300000024,0.853454800000164,2.00795919999987,-0.383986799999969,0.602290599999901,0.141943800000026,0.421272200000152,-0.0317779999999247,-0.305148200000023,-0.275817000000029,-0.472259399999991,7.48000000648317e-05,1.00998600000002,-0.747176400000005,0.344786399999999
0.930133,-1.33678899999997,0.477914000000015,-0.034317192234762,-0.033636307466207,-0.977487572178405,0.205448230398631,0.856651000000022,0.621392000000019,1.29674599999939,0.414093999999489,-0.829211999999391,-0.0705860000011189,-0.213831000000171,1.19390000000024,0.801607000000164,2.05026999999987,-0.393812999999969,0.633465999999901,0.133614000000026,0.373349000000152,-0.0555589999999245,-0.298031000000023,-0.266652000000029,-0.474956999999991,-0.020413999999935,1.00463400000002,-0.745743000000005,0.344972999999999
0.926825200000011,-1.34974419999996,0.476144000000006,-0.029670456942973,-0.0265052642695046,-0.975315593418441,0.21720181441607,0.862191999999982,0.616155200000017,1.25016380000015,0.433899999999937,-0.92977679999968,-0.0282344000001348,-0.125650200000281,1.12774820000021,0.734153200000215,2.09816199999985,-0.40647479999996,0.648719799999951,0.150420599999947,0.353447000000063,-0.0639133999999734,-0.306458599999973,-0.235849200000098,-0.477229199999993,-0.0394231999999395,0.978282000000084,-0.738041400000025,0.345027
0.923012200000015,-1.36288499999996,0.475301199999997,-0.0239220095279039,-0.0176573027378228,-0.971817653666938,0.233851245755628,0.863276200000025,0.607249400000052,1.2191478,0.444025200000029,-1.05096979999948,0,-0.0140978000005054,1.08004760000003,0.646994000000404,2.15742339999974,-0.431297399999843,0.656118400000026,0.158267800000032,0.339421400000007,-0.0569674000001199,-0.316637799999956,-0.195221600000192,-0.473136800000054,-0.0646193999998801,0.943267600000167,-0.723807800000087,0.3450482
0.918188800000016,-1.37639699999996,0.476312799999997,-0.0159667448005974,-0.00537555525734175,-0.965402792873289,0.260218396695162,0.855446800000025,0.591005600000053,1.2192642,0.43478880000003,-1.21341919999947,0,0.144197799999486,1.06924940000003,0.520424000000411,2.23942359999973,-0.48044159999984,0.647806600000027,0.148196200000033,0.337148600000007,-0.019420600000122,-0.330320199999956,-0.134944400000196,-0.456315200000055,-0.102189599999878,0.89092840000017,-0.696510200000089,0.3450038
0.914342600000011,-1.38788699999997,0.477155999999998,-0.00672284573853775,0.0124634056706398,-0.953935318193271,0.299677953089258,0.823781000000142,0.557390600000138,1.2196102,0.447483999999923,-1.36538139999952,-0.04910359999976,0.301914999999487,1.12006199999973,0.3963884000004,2.31905059999974,-0.570674999999639,0.619891600000123,0.0934406000002513,0.347345799999946,0.0361097999997897,-0.339171399999979,-0.0626192000002553,-0.421890000000141,-0.152230199999817,0.83053280000021,-0.641959800000222,0.350672199999972
0.910985000000011,-1.39836599999997,0.477914999999997,0.00317303120894134,0.0330435666468222,-0.937999074139763,0.345044622460851,0.780197000000143,0.515090000000138,1.220071,0.471144999999923,-1.51209999999952,-0.122758999999759,0.459342999999485,1.20167999999973,0.273620000000401,2.39749099999974,-0.681452999999638,0.582175000000123,0.016343000000252,0.363777999999946,0.100631999999789,-0.345606999999979,0.0157299999997439,-0.378663000000141,-0.208505999999816,0.766109000000211,-0.573783000000223,0.359196999999972
0.906604400000014,-1.40549759999998,0.479080799999996,0.00865881751249618,0.0614045246621013,-0.916378787931693,0.395479994764776,0.723082400000187,0.452453600000205,1.2200398,0.500973399999902,-1.63690419999959,-0.73591699999799,0.482506599999924,1.33275059999957,0.263168600000034,2.42070679999992,-0.804968399999595,0.534367600000157,-0.0978831999996256,0.385433199999929,0.152872799999829,-0.344523400000004,0.0886833999997609,-0.299580600000259,-0.245303999999879,0.711664400000178,-0.490902600000272,0.322178200000121
0.900295400000034,-1.41297219999997,0.48087559999999,0.00455853351697284,0.0891998508052413,-0.893047117979252,0.441009582047205,0.671267600000137,0.399816800000109,1.24231179999978,0.514342400000065,-1.73152119999989,-1.34907479999796,0.445288400000527,1.4504577999997,0.289593999999666,2.40872020000027,-0.904804599999825,0.497883600000046,-0.208659399999654,0.406493999999934,0.192119599999956,-0.345531999999983,0.162104199999752,-0.202257600000446,-0.254925600000149,0.66637140000009,-0.420108600000155,0.28151740000016
0.890129600000034,-1.42113279999997,0.48392839999999,-0.0186610155660743,0.116036472378067,-0.870308481947887,0.478278631997772,0.630052400000138,0.367179200000109,1.30919019999978,0.494792600000065,-1.76576379999989,-1.96223219999795,0.287306600000528,1.5414381999997,0.389772999999665,2.32632880000028,-0.957282399999824,0.484046400000046,-0.312535599999653,0.426365999999934,0.205378399999956,-0.350724999999983,0.236459799999751,-0.0684534000004475,-0.21019440000015,0.63938160000009,-0.373487400000156,0.23357260000016
0.885984600000004,-1.43188539999996,0.487038799999989,-0.0298191353268448,0.108355847534585,-0.844663653905826,0.523367118993809,0.562118800000273,0.405320399999753,1.14630500000093,0.202541600001437,-1.46835440000155,-2.21572199999975,0.0356128000010013,1.50596660000033,0.532887199999448,2.20530860000047,-0.958743800000081,0.395309600000423,-0.342956600000021,0.447665599999926,0.207242800000013,-0.341639200000054,0.306264599999774,-0.000167600000119148,-0.190139600000026,0.63442659999998,-0.367323799999953,0.206515800000056
0.884850000000004,-1.44393399999996,0.490177999999989,-0.0348651496961251,0.0832004688604191,-0.815840686124183,0.571197057224996,0.480826000000273,0.478850999999753,0.868538000000934,-0.226059999998559,-1.00511900000156,-2.28937799999975,-0.262936999998996,1.40726900000033,0.697468999999446,2.06497400000047,-0.934697000000081,0.269123000000424,-0.336650000000021,0.469678999999926,0.203410000000013,-0.325414000000055,0.373793999999773,0.0353589999998805,-0.182423000000026,0.64048899999998,-0.381388999999953,0.189903000000056
0.887496599999991,-1.45839339999995,0.491287399999996,-0.0191853928032596,0.0348824099882448,-0.784087301546919,0.619372458000247,0.397960600000283,0.591310799999615,0.524682800001176,-0.736546599998254,-0.489142400001765,-2.28205800000003,-0.589777999998882,1.31724020000031,0.877018999999386,1.84138400000076,-0.891631400000147,0.101912600000572,-0.277002800000204,0.488202199999937,0.201322600000007,-0.294322000000106,0.428425199999813,0.00650980000009867,-0.236244199999816,0.639301000000004,-0.417571399999876,0.182311200000026
0.890058999999992,-1.47263259999995,0.491455800000006,0.00175672067068784,-0.00956520336533333,-0.75150597105851,0.659654603774181,0.326929200000162,0.68964979999976,0.233144600000641,-1.17700379999897,-0.0598040000008782,-2.26578440000012,-0.909143599998956,1.27782839999979,1.10602659999888,1.5759768000012,-0.86190380000001,-0.0581797999994998,-0.22168320000016,0.509955199999903,0.196513000000035,-0.262692000000112,0.470137199999946,-0.0336753999997844,-0.308426599999627,0.639179199999993,-0.452556799999888,0.161616000000161
0.892452999999992,-1.48643139999995,0.489742200000006,0.0329945246058291,-0.0458290843927044,-0.723077039386944,0.688455264691304,0.279565800000163,0.759747199999759,0.0462404000006428,-1.47740219999897,0.196257999999119,-2.23160360000012,-1.21355839999895,1.33965059999979,1.43394939999887,1.2269352000012,-0.858852200000011,-0.204036199999498,-0.17501880000016,0.538167799999903,0.186259000000035,-0.229986000000112,0.486010799999945,-0.0965325999997838,-0.417331399999625,0.641189799999993,-0.485148199999888,0.114714000000161
0.888226200000026,-1.49833499999996,0.487696600000008,0.0489790689560983,-0.0540471880625504,-0.708061560532244,0.702373674594491,0.278957199999922,0.768168600000077,0.0767865999995197,-1.53411500000022,0.177068000000541,-2.27101999999974,-1.44127479999935,1.4771071999994,1.74057099999898,0.860384400001294,-0.873497399999919,-0.262563799999949,-0.176417199999912,0.564524799999912,0.171739000000057,-0.210948800000042,0.487288000000021,-0.102182600000079,-0.491409799999805,0.63806560000002,-0.510053199999927,0.0644304000001792
0.880689000000026,-1.50929099999996,0.485485000000008,0.0573624641492813,-0.0482823404402964,-0.700583389148658,0.70962051700702,0.30172599999992,0.745752000000078,0.216057999999512,-1.46898500000023,0.0202520000005497,-2.34723499999973,-1.63064199999934,1.65238099999939,2.03654199999896,0.485079000001316,-0.896990999999918,-0.277426999999948,-0.201846999999911,0.589953999999911,0.155086000000058,-0.198746000000043,0.481267000000021,-0.0792290000000805,-0.548074999999801,0.63237400000002,-0.531114999999926,0.0124560000001822
0.878494200000008,-1.51843499999997,0.483259600000008,0.0706650338661177,-0.0436285343602489,-0.689710204214946,0.719307193193599,0.314528199999955,0.710168400000125,0.224960799999969,-1.45944980000003,-0.0403005999997872,-2.38792699999986,-1.72303599999968,1.71382699999978,2.19954039999943,0.347800800000483,-0.921794999999913,-0.300420799999919,-0.205652799999987,0.603351399999953,0.140593600000051,-0.191656400000025,0.468011800000047,-0.0693218000000348,-0.597923599999825,0.627385000000018,-0.543087999999958,0.00159540000003817
0.876450800000006,-1.52704079999997,0.4817726,0.0821201742052431,-0.0378751252576485,-0.678262922270097,0.729233268679403,0.322783800000003,0.674673400000124,0.228386400000027,-1.45487539999998,-0.0861487999999421,-2.41168480000004,-1.78919959999995,1.75259060000002,2.30102700000008,0.210522400000484,-0.940392799999978,-0.318229199999974,-0.209514599999986,0.607694800000048,0.132708799999981,-0.186044800000009,0.458966200000002,-0.0523452000001097,-0.634690599999963,0.6145932000001,-0.551187999999999,-0.00692439999998647
0.874710200000006,-1.53457019999997,0.4817624,0.0899060438936241,-0.0299433514970562,-0.66596498708722,0.739939818462583,0.321946200000003,0.639355600000125,0.220857600000027,-1.46022259999998,-0.102588199999942,-2.40157420000004,-1.80290239999995,1.74598940000002,2.27949000000008,0.0732436000004851,-0.946578199999978,-0.325666799999974,-0.213488399999986,0.593930200000049,0.138039199999981,-0.183389200000009,0.458339800000002,-0.02122980000011,-0.645294399999963,0.5861958000001,-0.551541999999999,-0.0107625999999864
0.873653600000003,-1.54159919999998,0.482064999999998,0.0942139894906392,-0.0244448610786827,-0.658311369622544,0.746426361791163,0.303569800000097,0.611483400000087,0.219026799999996,-1.48265459999989,-0.0978268000000552,-2.39406680000002,-1.8065692,1.74227340000001,2.27527419999998,0.0164904000000592,-0.946503600000012,-0.33180119999998,-0.217995399999983,0.585223600000022,0.142519599999985,-0.180486800000011,0.459314199999994,-0.00336960000004033,-0.63218940000009,0.564825200000064,-0.548132400000019,-0.00969920000001262
0.872939000000003,-1.54837799999998,0.482523999999998,0.0967887294966497,-0.0201656518232449,-0.65302695868242,0.750853567323853,0.276424000000098,0.587334000000087,0.220044999999996,-1.51362899999989,-0.0824650000000553,-2.38786100000002,-1.805218,1.74000000000001,2.27971899999998,0,-0.943299000000012,-0.33728399999998,-0.222768999999983,0.579046000000022,0.146574999999985,-0.177461000000011,0.461088999999994,0.00786299999995956,-0.60723000000009,0.546968000000064,-0.542841000000019,-0.00618500000001265
0.872426600000002,-1.55201219999999,0.483709599999996,0.0952445786472836,-0.0176866265018595,-0.659602819659123,0.745345405687202,0.240211600000131,0.560725200000096,0.217033600000011,-1.53931319999991,-0.0617968000000746,-2.37785720000004,-1.78568380000007,1.740756,2.26961920000004,0,-0.938273400000018,-0.329136600000029,-0.230784999999971,0.583245399999985,0.149772999999988,-0.173952200000013,0.456899800000015,0.0015462000000228,-0.556461000000183,0.539715800000026,-0.534844800000029,-0.00384320000000845
0.872455599999996,-1.55496259999999,0.484741999999997,0.0926595182187475,-0.0157980193734826,-0.668361813723546,0.737873378177799,0.20498480000012,0.534933400000087,0.212111400000032,-1.55838399999998,-0.0403452000000833,-2.36777560000004,-1.75189740000023,1.74016300000001,2.22358140000043,0,-0.934409400000005,-0.315831200000085,-0.232617200000038,0.593625599999918,0.148671800000035,-0.168431600000035,0.448378800000062,-0.0126861999998912,-0.504514200000197,0.543805799999903,-0.52487760000005,0.00580019999991225
0.873567399999996,-1.55654539999999,0.485467999999997,0.0879852918976916,-0.015089200544467,-0.68143370450026,0.726415177985468,0.171729200000122,0.510775600000089,0.203367600000032,-1.56422799999998,-0.0173268000000846,-2.35753840000004,-1.68960660000023,1.73687200000001,2.10566760000043,0,-0.932868600000006,-0.292209800000087,-0.222081800000039,0.616367399999916,0.138972200000036,-0.158887400000035,0.431194200000063,-0.0427497999998895,-0.4502118000002,0.570580199999902,-0.510968400000051,0.0300467999999109
0.874530799999997,-1.5569898,0.486304399999997,0.0822050830059583,-0.0138185327815417,-0.695647605087972,0.713530505315027,0.151694800000049,0.488664200000078,0.190820200000053,-1.55548360000006,0.00661279999991008,-2.34450560000005,-1.62079540000027,1.73952259999998,1.96315660000057,0.0257595999998576,-0.931380600000005,-0.262426000000121,-0.208600400000055,0.63844719999992,0.128357400000041,-0.148798400000038,0.411121600000079,-0.0782069999998594,-0.411182600000116,0.596428199999906,-0.499825600000036,0.056770599999897
0.875419999999997,-1.556865,0.487195999999997,0.0758509420255977,-0.0122634756626418,-0.710247548325589,0.699746141008288,0.13827100000005,0.467576000000078,0.176371000000053,-1.53944500000006,0.0310129999999098,-2.33007500000005,-1.54872400000027,1.74514399999998,1.80834700000057,0.0643989999998572,-0.929919000000005,-0.229561000000121,-0.193646000000055,0.66019599999992,0.117285000000041,-0.138437000000038,0.389605000000079,-0.116360999999859,-0.379790000000116,0.621812999999906,-0.490066000000036,0.0847329999998967
0.875739799999999,-1.556613,0.489178399999993,0.0674570380049894,-0.0103442662407668,-0.724555151214977,0.685829699726816,0.145306599999974,0.446906600000077,0.158882800000065,-1.49962120000015,0.0579721999999001,-2.31049880000007,-1.4127784000005,1.70807960000014,1.61789380000071,0.386056599998809,-0.919780800000038,-0.188452000000152,-0.187204400000024,0.678209199999933,0.0961314000000784,-0.135551000000011,0.362463400000101,-0.149893799999876,-0.360653600000071,0.633673199999956,-0.488953600000004,0.112380399999898
0.876280599999996,-1.5560872,0.491449599999989,0.0595238454013682,-0.00883274079449152,-0.738574180952879,0.671481253460195,0.155212999999941,0.427165000000067,0.140467400000076,-1.45829180000017,0.081879199999933,-2.28908840000009,-1.27583220000052,1.66897180000016,1.44467760000052,0.70771439999879,-0.906509600000073,-0.149405800000131,-0.181820200000012,0.689552600000008,0.0780678000000447,-0.13539139999998,0.338673800000064,-0.179471599999919,-0.345181400000031,0.637276600000049,-0.488241,0.133765999999967
0.877263399999996,-1.5550138,0.494298399999989,0.052548140101859,-0.00814223364043218,-0.75235777857413,0.656605033503537,0.170860999999941,0.409279000000067,0.120197600000076,-1.41395120000017,0.0996817999999329,-2.26400960000009,-1.13688480000052,1.62577720000016,1.30593540000052,1.02937259999879,-0.886972400000074,-0.114485200000132,-0.178550800000012,0.687556400000008,0.0661842000000448,-0.14068459999998,0.321588200000064,-0.201139399999918,-0.337037600000031,0.624366400000049,-0.488328,0.142627999999967
0.878181799999997,-1.55369600000001,0.496733599999992,0.0454317026273265,-0.00849109072061844,-0.765322916986708,0.641984964395361,0.192570199999906,0.396159400000041,0.0997118000000778,-1.36546020000019,0.116778399999937,-2.23243920000013,-0.971083400000677,1.5767370000002,1.16343880000055,1.16235159999985,-0.865800400000083,-0.077795000000142,-0.170784200000038,0.687821399999995,0.0532526000000509,-0.147851799999969,0.297918600000102,-0.212273199999978,-0.316230200000103,0.631662599999934,-0.49360659999997,0.169934399999862
0.879067999999997,-1.55225600000001,0.498961999999992,0.0382375833714581,-0.00935789803833161,-0.777725526068168,0.627370164308287,0.217309999999906,0.385423000000041,0.079118000000078,-1.31489400000019,0.133521999999937,-2.19762300000013,-0.791855000000679,1.5247740000002,1.01906500000055,1.20099099999985,-0.843811000000083,-0.0402200000001424,-0.160769000000038,0.689216999999995,0.039797000000051,-0.155955999999969,0.270957000000102,-0.218139999999978,-0.289091000000103,0.649061999999934,-0.50148099999997,0.206462999999862
0.879718999999997,-1.54990280000001,0.500816599999993,0.0328990076123895,-0.0118641006562009,-0.789610135471902,0.612611404051364,0.24077059999991,0.381772600000014,0.0600452000000734,-1.27372740000016,0.14143239999997,-2.16359400000013,-0.664065200000492,1.51527180000004,0.949663600000267,1.28924559999966,-0.821231800000087,-0.0108590000001129,-0.14779340000005,0.681925200000028,0.0391850000000024,-0.162924399999973,0.253290000000068,-0.217809400000001,-0.26817560000008,0.656606999999971,-0.512276199999958,0.239944199999871
0.880048200000001,-1.54744820000001,0.502746599999992,0.0275559588466015,-0.0144502172656317,-0.801244189474614,0.59752791498489,0.265641799999893,0.379038800000003,0.0423764000000573,-1.23470340000013,0.146427800000003,-2.1319846000001,-0.54170900000043,1.50652360000003,0.884278400000221,1.37634939999967,-0.798146000000093,0.01822179999989,-0.135977200000037,0.675248600000021,0.0382304000000063,-0.169983999999972,0.237990000000041,-0.217078800000006,-0.249373000000056,0.659476400000025,-0.522525199999965,0.268447399999929
0.879733800000001,-1.54479080000001,0.504827399999992,0.0222187990168584,-0.0171996830763448,-0.812676639016705,0.5820370918325,0.293334199999893,0.378138200000003,0.0275156000000574,-1.19996460000013,0.145593200000003,-2.1052144000001,-0.430220000000431,1.49928340000003,0.826925600000222,1.46115159999967,-0.774047000000093,0.0467421999998898,-0.126479800000037,0.669802400000021,0.0365906000000063,-0.177225999999972,0.227424000000041,-0.215548200000006,-0.234796000000056,0.652994600000025,-0.531681799999965,0.286994599999928
0.879189800000003,-1.54099940000002,0.506950599999992,0.0179189611960582,-0.0204230095777024,-0.825029782949916,0.564435708256536,0.322538199999884,0.377184400000004,0.021187600000008,-1.17758940000006,0.130950200000084,-2.08690220000005,-0.359795000000193,1.50652879999994,0.798391200000055,1.50141099999993,-0.751128800000087,0.0721841999999074,-0.117855200000032,0.664011800000023,0.0399295999999774,-0.183230399999979,0.223690400000001,-0.218614399999979,-0.230037399999999,0.633723200000099,-0.534014400000004,0.284343800000051
0.878531000000003,-1.53664100000002,0.509094999999992,0.014133106682442,-0.0238761802270883,-0.837582322411371,0.545606118456567,0.352497999999882,0.376204000000004,0.0191260000000081,-1.16139600000006,0.109403000000085,-2.07281900000006,-0.309902000000196,1.52101699999994,0.784266000000056,1.51939899999993,-0.728801000000088,0.096086999999906,-0.109667000000032,0.658049000000023,0.0457579999999771,-0.188615999999979,0.223373000000001,-0.223978999999979,-0.230187999999999,0.608057000000101,-0.532935000000004,0.271094000000052
0.877191800000005,-1.53098780000002,0.511048599999992,0.00954490542774875,-0.027850403063676,-0.85102737241734,0.524295395007437,0.395410599999831,0.379031799999989,0.0309081999999536,-1.15667940000002,0.0763496000001303,-2.05796000000006,-0.252824600000225,1.52387239999999,0.775489800000035,1.56038079999984,-0.703124600000101,0.125465999999884,-0.100582400000036,0.655706600000009,0.0513847999999778,-0.197366399999966,0.216584000000027,-0.231952999999969,-0.22269100000003,0.593114000000059,-0.539099399999976,0.262419800000034
0.875744000000007,-1.52503800000003,0.512919999999993,0.00444102465801545,-0.0320608281448844,-0.864103743100841,0.502271940046193,0.438870999999824,0.382841399999977,0.0474223999998974,-1.15640079999997,0.0418632000001476,-2.04545380000003,-0.201375400000159,1.52469840000001,0.771450399999979,1.60133299999984,-0.675525400000124,0.155332399999878,-0.0904888000000478,0.652824600000016,0.0571343999999763,-0.206444399999962,0.208503400000042,-0.240394999999963,-0.21262700000006,0.580470000000032,-0.546379199999962,0.255533800000013
0.874079000000006,-1.51849500000003,0.514626999999993,-0.00168451544478974,-0.0367575969263325,-0.87695530423117,0.479161179413289,0.483426999999824,0.388614599999977,0.0734005999998971,-1.16499819999997,0.00451080000014792,-2.03765320000003,-0.161182600000159,1.52146560000001,0.776884599999978,1.64222599999984,-0.644080600000124,0.186173599999878,-0.078377200000048,0.648863400000016,0.0631295999999763,-0.216177599999961,0.197839600000042,-0.249772999999963,-0.19742900000006,0.572424000000032,-0.555889799999962,0.252224200000013
0.872255600000008,-1.51155320000003,0.516207599999994,-0.00864914005366045,-0.0412437188167809,-0.888582434155661,0.456777194860355,0.52480499999984,0.396641399999963,0.102311999999878,-1.18028799999993,-0.0298287999998681,-2.03381740000001,-0.135363400000075,1.51571600000003,0.787773199999945,1.68013259999985,-0.608416600000152,0.217313599999874,-0.0625844000000708,0.640247400000044,0.0695415999999734,-0.225799999999962,0.184681800000058,-0.256773399999977,-0.175172600000104,0.572106399999986,-0.565415999999962,0.252084199999994
0.870353000000008,-1.50441200000003,0.517724999999994,-0.0160280261465473,-0.0456099200391001,-0.899314575933845,0.434621825366377,0.56459399999984,0.405794999999963,0.132689999999878,-1.19892399999993,-0.0626619999998678,-2.03196400000001,-0.116731000000075,1.50870800000003,0.801388999999945,1.71654599999985,-0.570643000000152,0.248602999999874,-0.044951000000071,0.629304000000044,0.0761619999999733,-0.235366999999961,0.170277000000058,-0.262584999999977,-0.149387000000104,0.575652999999986,-0.574949999999962,0.253528999999994
0.868297400000008,-1.49671340000003,0.519386399999993,-0.0228378240807533,-0.0485790201899258,-0.907257897890094,0.417135013280702,0.595817399999874,0.416569799999956,0.158390399999896,-1.2229455999999,-0.0817671999999229,-2.032213,-0.117246399999998,1.50315920000002,0.813234199999952,1.74638999999988,-0.532457200000154,0.277942999999882,-0.023892800000085,0.609773400000079,0.087072399999956,-0.241273399999976,0.151994400000074,-0.261178600000006,-0.119856800000119,0.590300799999941,-0.581356199999974,0.254219599999997
0.866148200000009,-1.48897180000003,0.521163799999992,-0.0289887108374298,-0.0510760681915513,-0.913742251378032,0.402027347264687,0.622964599999923,0.426654199999965,0.181016399999933,-1.24779359999989,-0.0953733999999894,-2.03177940000001,-0.121244599999956,1.499619,0.821917199999991,1.7741573999999,-0.496463400000128,0.305218999999906,-0.00367080000007504,0.588057000000106,0.100550199999925,-0.244778000000005,0.133866800000072,-0.257407800000034,-0.0928596000000887,0.605970999999928,-0.586804199999986,0.253961600000009
0.86381180000001,-1.48114420000003,0.523173199999992,-0.0338347400020143,-0.0526582352832031,-0.917861230330233,0.391935048805955,0.641959399999922,0.435357799999964,0.197493599999932,-1.27429439999989,-0.0979815999999893,-2.02998060000001,-0.132208399999955,1.500096,0.82427579999999,1.7977715999999,-0.46485360000013,0.328366999999905,0.0148787999999239,0.561969000000107,0.119162799999924,-0.243479000000005,0.116049200000073,-0.248908200000035,-0.07092840000009,0.623685999999927,-0.590335799999986,0.251806400000009
0.86142060000001,-1.47338060000003,0.525297799999991,-0.0375437090942734,-0.0539030993780878,-0.920107322378151,0.38611842884145,0.65158299999998,0.442113399999976,0.208603199999965,-1.2991947999999,-0.0908870000000491,-2.02718220000001,-0.143760999999951,1.50577099999997,0.81859000000004,1.81725139999993,-0.439184200000093,0.345493399999942,0.0328047999999276,0.535579000000109,0.141044199999903,-0.235971200000044,0.101689200000052,-0.238088200000049,-0.0564712000000441,0.637396199999952,-0.593614999999987,0.24780600000002
0.85900200000001,-1.46564900000003,0.527479999999991,-0.0406850374446828,-0.0549806992278445,-0.921441199894349,0.382449951729379,0.65652099999998,0.447894999999976,0.217028999999965,-1.3232949999999,-0.0789410000000492,-2.02388400000001,-0.155607999999951,1.51404499999997,0.80888200000004,1.83466399999993,-0.416485000000094,0.359608999999942,0.0504189999999274,0.509038000000109,0.164559999999903,-0.225359000000044,0.0890580000000521,-0.226108000000049,-0.0457510000000442,0.649103999999952,-0.596767999999987,0.24288300000002
0.857094000000008,-1.45848560000003,0.529744399999991,-0.0435735857533217,-0.0563809007309753,-0.921733294260033,0.381222075580507,0.650287600000026,0.453458799999977,0.220645799999985,-1.34040159999993,-0.0625136000000679,-2.02164660000001,-0.163946199999966,1.52966119999994,0.791776000000071,1.84722079999995,-0.399106000000072,0.36191119999999,0.0662157999999347,0.488653600000084,0.179290599999939,-0.207928400000072,0.0835608000000227,-0.214244200000049,-0.0408226000000204,0.652565999999986,-0.599620999999988,0.235462200000031
0.855344200000006,-1.45146740000003,0.532005999999991,-0.0465063635895912,-0.0579112022873216,-0.921981600127897,0.380043918279075,0.64210580000005,0.460262599999962,0.222798600000003,-1.35395939999997,-0.0460740000000682,-2.0200814,-0.171697599999973,1.54676739999992,0.775275800000063,1.85882299999996,-0.382899400000057,0.359349600000051,0.0828091999999247,0.473070800000025,0.187707600000017,-0.191049000000065,0.0795228000000046,-0.202776000000044,-0.0362626000000158,0.6548466,-0.601581199999999,0.227364400000039
0.853910800000006,-1.44473960000003,0.534261999999991,-0.0495280543178901,-0.0597023052278619,-0.922152294703792,0.378969328519465,0.63002720000005,0.469546399999962,0.222023400000003,-1.36041959999997,-0.0296100000000683,-2.0198606,-0.178275399999973,1.56685359999992,0.759987200000063,1.86851599999996,-0.369037600000057,0.347060400000051,0.100995799999925,0.467091200000025,0.183497400000017,-0.175272000000065,0.0784032000000046,-0.192099000000044,-0.0324394000000159,0.6547644,-0.601755799999999,0.217912600000039
0.852490200000006,-1.43831740000003,0.53657039999999,-0.0522296526588488,-0.0615952992315761,-0.922138114898689,0.378337652827207,0.617083000000056,0.483274599999934,0.217335400000028,-1.36120860000001,-0.0150816000000564,-2.0193082,-0.18686439999996,1.58763099999991,0.75005500000003,1.87677699999997,-0.35798220000004,0.325852000000107,0.120505199999916,0.471745999999959,0.167212400000093,-0.165469800000028,0.0786363999999962,-0.182869200000035,-0.0312517999999995,0.654508600000001,-0.598865600000018,0.208054000000042
0.851076000000006,-1.43204800000003,0.53890499999999,-0.0547709791535562,-0.0635389758163634,-0.922027649066202,0.377925856157291,0.603706000000056,0.499224999999933,0.210691000000028,-1.35916200000001,-0.00152100000005653,-2.01859,-0.19645899999996,1.60875399999991,0.74280100000003,1.88432199999997,-0.34833000000004,0.300184000000107,0.140675999999916,0.481717999999958,0.144890000000093,-0.158655000000028,0.0795459999999962,-0.174363000000035,-0.0313819999999995,0.654166000000001,-0.594443000000018,0.197992000000042
0.849240000000008,-1.42614940000002,0.54137579999999,-0.0569364710941059,-0.064783481487139,-0.921489167981568,0.37870707951977,0.592648600000047,0.520833399999909,0.198042400000053,-1.34931660000004,0.00830939999995846,-2.0189632,-0.208132599999951,1.63013259999991,0.741857200000004,1.88900259999998,-0.342207000000026,0.26472040000015,0.158174399999926,0.496928599999936,0.116822000000119,-0.162521399999984,0.0829791999999855,-0.165151200000039,-0.036816199999977,0.651305800000012,-0.586727600000033,0.189070600000038
0.847664400000004,-1.42058000000002,0.543864799999989,-0.0585414256670077,-0.0658616290745976,-0.920818195303727,0.379906565479069,0.580923200000055,0.547573799999843,0.181101800000108,-1.33867680000005,0.0179531999999607,-2.01742160000002,-0.225916199999873,1.64834519999995,0.74359599999997,1.89020680000002,-0.341405399999958,0.224687000000208,0.172346399999968,0.518816399999851,0.0770106000002681,-0.171861799999914,0.0857703999999936,-0.158467400000007,-0.0435487999999605,0.647907800000019,-0.577129200000057,0.180299800000036
0.846609600000004,-1.41566900000002,0.546390199999989,-0.0590257567366515,-0.0666075770658543,-0.919889634317237,0.381945613137241,0.567861800000055,0.584578199999843,0.155577200000108,-1.32644820000005,0.0272237999999607,-2.01205040000002,-0.255919799999873,1.66022579999995,0.75069999999997,1.88445820000002,-0.351246599999958,0.175514000000209,0.179865599999968,0.55405859999985,0.0137124000002687,-0.192150199999914,0.0872775999999936,-0.156839600000007,-0.0528781999999604,0.643434200000019,-0.563764800000057,0.171830200000036
0.845958000000002,-1.41091520000002,0.549152799999988,-0.058639842086243,-0.0667497047350342,-0.918808749700041,0.384572915469269,0.553084400000067,0.624542199999822,0.123021800000155,-1.31360400000006,0.0358811999999641,-2.00432800000004,-0.29389779999982,1.66875559999997,0.758894799999962,1.87358000000006,-0.365733799999928,0.124939000000221,0.185330799999981,0.600341999999777,-0.0581933999996722,-0.213955399999903,0.0887771999999936,-0.155904200000003,-0.0616403999999635,0.634515400000048,-0.547306400000077,0.163773800000034
0.845508000000002,-1.40624000000002,0.552033999999988,-0.0578184025479538,-0.0665894636145405,-0.917645388904819,0.387491697825971,0.537449000000067,0.665985999999821,0.0869510000001555,-1.30045200000006,0.044231999999964,-1.99543000000004,-0.335862999999819,1.67560999999997,0.767634999999962,1.86013700000006,-0.382543999999928,0.073663000000221,0.189768999999981,0.652145999999777,-0.134402999999671,-0.236518999999903,0.0902729999999936,-0.155315000000003,-0.0701189999999634,0.623374000000048,-0.529301000000078,0.155924000000034
0.8454558,-1.40156060000002,0.555623799999984,-0.0565432292641481,-0.0662922640882277,-0.916701239424825,0.389957736919565,0.524447000000056,0.699134799999857,0.0477836000001692,-1.28921040000005,0.0475547999999856,-1.98664660000004,-0.378501999999816,1.68230299999997,0.774162399999972,1.84506980000006,-0.390039199999968,0.0341068000001709,0.195323199999976,0.701586599999786,-0.185720999999778,-0.22735100000004,0.094436399999982,-0.152652200000012,-0.0755735999999764,0.603613000000085,-0.507462800000094,0.14894780000003
0.845286200000002,-1.39723880000002,0.559180999999985,-0.0557160323649145,-0.0658120023769518,-0.916068844263411,0.391640621808498,0.514614000000015,0.725671599999942,0.0111098000001372,-1.27772400000005,0.0479004000000243,-1.980451,-0.416539399999875,1.69128999999994,0.779675599999985,1.83190020000004,-0.389795600000068,0.00222960000007152,0.200001199999987,0.736295799999977,-0.221652599999978,-0.20351220000023,0.0998471999999658,-0.147932400000038,-0.0792323999999997,0.582897600000098,-0.486109000000088,0.142640800000022
0.844881800000002,-1.39363220000002,0.562672999999985,-0.0557855796288297,-0.0649665437487452,-0.916072781691069,0.391762652563519,0.511119000000015,0.738984399999942,-0.0205767999998625,-1.26574800000005,0.0422916000000243,-1.979431,-0.445373599999875,1.70486499999994,0.783160399999985,1.82252580000004,-0.374074400000068,-0.0142895999999283,0.202926799999987,0.741542199999977,-0.226811399999978,-0.150331800000231,0.107752799999966,-0.139098600000038,-0.0792995999999997,0.560273400000098,-0.465724000000088,0.137672200000022
0.844580600000001,-1.39119120000001,0.56533739999999,-0.0560196363753624,-0.0634752563665973,-0.916807446959193,0.390252222760784,0.512125999999986,0.745621199999986,-0.0473401999998932,-1.25392280000005,0.0334736000000458,-1.98189259999998,-0.472736599999883,1.71668479999995,0.787868399999977,1.81498340000003,-0.355736800000086,-0.0228127999999801,0.198202800000038,0.726460600000111,-0.230912599999984,-0.0976638000002304,0.110854799999997,-0.131780800000029,-0.0775436000000117,0.546834400000039,-0.446585800000081,0.133134800000019
0.844331000000001,-1.38933300000001,0.56758799999999,-0.0563354940067031,-0.0616605407021186,-0.917900049077869,0.387922401696768,0.515383999999986,0.748919999999985,-0.0716419999998929,-1.24217300000005,0.0230510000000459,-1.98609499999998,-0.499363999999883,1.72762699999995,0.793187999999977,1.80835700000003,-0.336091000000087,-0.0273379999999801,0.189654000000038,0.701215000000111,-0.234484999999984,-0.0452520000002309,0.111554999999997,-0.125221000000029,-0.0748760000000118,0.537988000000039,-0.428071000000082,0.128813000000019
0.843922400000002,-1.3882044,0.568328999999997,-0.0565877028435791,-0.0592613411094756,-0.919455024856031,0.384562586068625,0.52229419999997,0.742740600000027,-0.088409599999926,-1.23134900000005,0.0128426000000451,-1.99268719999997,-0.521598799999902,1.73421739999997,0.798211799999978,1.80457520000002,-0.321441400000065,-0.0245156000000125,0.178206600000051,0.668917600000143,-0.243824599999959,-0.0256626000000865,0.103169400000037,-0.119651800000025,-0.0717614000000138,0.545766399999966,-0.416097400000053,0.129728599999996
0.843304000000005,-1.38688480000001,0.568915399999999,-0.0566832895056815,-0.0570432952864319,-0.920911491935852,0.381385751142021,0.528450599999979,0.734804400000051,-0.102370999999963,-1.22124740000004,0.00335140000003603,-1.99966079999997,-0.539620399999957,1.73907059999999,0.801601399999999,1.80265159999999,-0.308620800000041,-0.0207542000000252,0.167082600000047,0.640013800000099,-0.25154759999998,-0.0137579999999845,0.094673200000039,-0.112834200000042,-0.0699735999999961,0.553697799999963,-0.405982400000029,0.131935999999979
0.842266000000005,-1.38518320000001,0.569192599999999,-0.0564669823839661,-0.0551889867398115,-0.922192900707714,0.378584085148036,0.533099399999979,0.723354600000051,-0.110719999999963,-1.21259060000004,-0.0047053999999639,-2.00739719999997,-0.549215599999957,1.74044939999999,0.8017226,1.80444439999999,-0.299458200000041,-0.0151148000000253,0.156605400000047,0.617897200000099,-0.25603739999998,-0.0172229999999845,0.0859558000000391,-0.103519800000042,-0.0708393999999961,0.561935199999963,-0.399584600000029,0.136726999999979
0.841164400000005,-1.38336200000001,0.569511799999999,-0.0557697287757546,-0.0535361307836806,-0.923210842214158,0.376437725090375,0.535815799999992,0.71066480000006,-0.116769399999978,-1.20518300000003,-0.0105901999999785,-2.01415639999997,-0.550666000000012,1.7405542,0.800462200000009,1.80912159999997,-0.291814800000031,-0.00795860000003554,0.150598600000017,0.598347800000082,-0.254780800000019,-0.0215371999999787,0.0793272000000251,-0.0930318000000497,-0.0746487999999763,0.564497000000001,-0.395672000000012,0.146211999999947
0.840031000000005,-1.38148100000001,0.569851999999998,-0.0548319028091718,-0.0519839078573124,-0.924095362019316,0.374618335980231,0.537565999999992,0.69735500000006,-0.121668999999978,-1.19840000000003,-0.0153889999999784,-2.02042699999997,-0.548044000000012,1.740022,0.798511000000009,1.81524099999997,-0.284931000000031,-4.40000000356165e-05,0.146827000000017,0.580082000000082,-0.250651000000019,-0.0262759999999787,0.0737430000000251,-0.0819570000000498,-0.0799299999999762,0.564221000000001,-0.393002000000012,0.158043999999947
0.839312200000003,-1.37942720000001,0.570064999999999,-0.0526933217469785,-0.0499095046426177,-0.925152733087894,0.372592103579232,0.53966419999999,0.683517200000062,-0.126841599999977,-1.19265320000003,-0.0210931999999743,-2.02471879999998,-0.540710800000033,1.7400088,0.798947199999998,1.82245239999997,-0.282153600000013,0.0079833999999638,0.145319200000007,0.563760800000074,-0.241638400000041,-0.03071599999998,0.066880800000031,-0.0701676000000532,-0.0837429999999828,0.557187200000032,-0.3929096,0.181015599999896
0.838794200000001,-1.37722140000001,0.570002200000003,-0.0503579995292411,-0.0480645814621758,-0.926294954446903,0.370312739800414,0.543041799999973,0.669791200000062,-0.132163599999974,-1.18786880000001,-0.0275191999999641,-2.02720480000001,-0.534679400000016,1.74,0.801627399999967,1.82838319999998,-0.281132799999989,0.0155001999999703,0.145145599999989,0.549504000000046,-0.232506600000043,-0.0355927999999737,0.0587176000000492,-0.0590504000000446,-0.0835374000000376,0.550451000000028,-0.394711799999974,0.210095599999811
0.838677800000001,-1.37471160000001,0.569387800000003,-0.0476297891619484,-0.0466791815307157,-0.927616984886537,0.367531204860241,0.548978199999973,0.656288800000062,-0.137784399999974,-1.18500920000001,-0.035388799999964,-2.02607920000001,-0.531251600000016,1.74,0.808795599999967,1.83175279999998,-0.283625199999989,0.0219957999999703,0.147640399999989,0.539376000000046,-0.223136400000043,-0.0413431999999737,0.0479524000000493,-0.0492776000000447,-0.0752946000000377,0.544310000000028,-0.400303199999974,0.251392399999811
0.838455400000001,-1.37151540000002,0.568489400000005,-0.0455130732307398,-0.0454236709470111,-0.928882668221318,0.364749556491622,0.556873799999959,0.643327200000058,-0.14105999999999,-1.18244960000001,-0.043679199999961,-2.02441760000001,-0.529002200000008,1.74,0.817828999999954,1.8326852,-0.287809999999977,0.0303321999999576,0.151272399999981,0.532731200000022,-0.214035800000041,-0.0472351999999727,0.0398004000000314,-0.0413356000000322,-0.061211400000078,0.538491800000026,-0.409254199999951,0.288552399999839
0.838180000000001,-1.36797600000002,0.567449000000005,-0.0437018683241613,-0.0442328667242345,-0.93011519751783,0.361965909379187,0.565748999999959,0.630636000000059,-0.14316299999999,-1.18004000000001,-0.0521799999999605,-2.02248800000001,-0.527342000000008,1.74,0.827794999999954,1.832399,-0.292840999999977,0.039588999999957,0.15547299999998,0.527828000000023,-0.205070000000042,-0.0531979999999723,0.0329550000000318,-0.0343090000000326,-0.0442080000000789,0.532835000000026,-0.419884999999951,0.323643999999837
0.837839800000002,-1.36330920000002,0.566571800000004,-0.0431297399477172,-0.0418499325420286,-0.931027644609968,0.359966572962386,0.577219199999947,0.618246600000057,-0.142710000000002,-1.17501140000002,-0.0584577999999708,-2.023349,-0.52514180000001,1.7400192,0.836539399999959,1.83043520000001,-0.298417999999974,0.0542667999999317,0.160839399999975,0.523753400000019,-0.196899800000038,-0.0580963999999772,0.0352817999999892,-0.0416439999999659,-0.042697200000007,0.530973800000009,-0.42841639999996,0.341068599999919
0.837850599999997,-1.35831280000003,0.565683800000004,-0.0423784082657878,-0.0391391915709763,-0.931855187842823,0.358215163116311,0.591126999999912,0.605777800000059,-0.144155399999976,-1.16929840000003,-0.0629949999999951,-2.02283480000002,-0.526951999999954,1.7400004,0.846587599999941,1.82606200000004,-0.307784399999921,0.0699563999999174,0.167806199999953,0.523523599999965,-0.190221400000017,-0.0640957999999618,0.0381419999999817,-0.0595773999998176,-0.0534531999998355,0.534969399999927,-0.433683800000006,0.341757800000153
0.838563399999997,-1.35265720000003,0.564774200000004,-0.0412690335752853,-0.0357732016731082,-0.932520686426355,0.35696262310883,0.609909999999911,0.59315020000006,-0.149397599999975,-1.16221660000003,-0.064050999999995,-2.01957020000002,-0.536782999999954,1.7399056,0.85924339999994,1.81687000000004,-0.32472959999992,0.0876695999999164,0.177973799999952,0.530983399999965,-0.186526600000017,-0.0722971999999613,0.0420689999999815,-0.0987075999998154,-0.0887427999998335,0.550678599999926,-0.432423200000006,0.308976200000155
0.839626199999994,-1.34633000000003,0.563499000000007,-0.0398135935552339,-0.0331515628631746,-0.933319463275933,0.355289503248086,0.629899799999904,0.58180460000005,-0.154654199999975,-1.15604720000003,-0.0648789999999967,-2.01445760000003,-0.549007599999937,1.7398528,0.871647999999942,1.80662520000005,-0.346407999999887,0.104586399999923,0.186844999999962,0.54483359999992,-0.185148200000001,-0.0820393999999508,0.046789999999976,-0.147532999999749,-0.133793999999766,0.572813399999881,-0.429272600000019,0.258744600000276
0.840863999999994,-1.33966700000003,0.562041000000007,-0.0381849211295546,-0.0309019361724673,-0.934180070463329,0.353404270048131,0.650492999999902,0.571100000000051,-0.159917999999975,-1.15033400000003,-0.0655929999999966,-2.00842100000003,-0.562428999999936,1.739821,0.883926999999942,1.79585400000005,-0.370452999999886,0.121104999999922,0.195067999999961,0.561878999999919,-0.184928000000001,-0.0925519999999502,0.0519079999999758,-0.201205999999746,-0.183725999999763,0.59816099999988,-0.425177000000019,0.199788000000279
0.841676399999996,-1.33206980000004,0.55984800000001,-0.0372653583343785,-0.0307149313296595,-0.935420209677607,0.350224095956183,0.66545579999993,0.564449000000031,-0.156629400000015,-1.14904520000001,-0.0708555999999753,-2.00389400000002,-0.567342399999977,1.7398528,0.889254999999975,1.79164980000002,-0.390288999999907,0.134189799999939,0.195723199999997,0.57682619999993,-0.184814600000001,-0.101773399999957,0.0597691999999631,-0.239051599999822,-0.209843399999877,0.618961199999902,-0.424241600000004,0.149776800000235
0.8422444,-1.32420880000004,0.557446400000013,-0.0367928335594621,-0.0310001965609143,-0.936751948858302,0.3466714028039,0.677765999999967,0.559602000000006,-0.149188600000075,-1.14952159999998,-0.0786061999999395,-2.00139919999999,-0.567174800000049,1.7399056,0.891616000000017,1.79117079999997,-0.406464599999958,0.146773599999945,0.194453400000024,0.588053999999982,-0.183702000000015,-0.109651999999975,0.0689583999999437,-0.267987599999947,-0.224221200000043,0.636278999999951,-0.4236354,0.114606200000026
0.8423236,-1.31582020000004,0.554627600000014,-0.0372146144951778,-0.0322301855417083,-0.938272410320174,0.342375775486371,0.684770999999966,0.558363000000006,-0.133443400000076,-1.15352839999998,-0.0913327999999387,-2.00296879999999,-0.55684520000005,1.7400004,0.888043000000017,1.79814219999997,-0.415319399999957,0.158355399999944,0.189333600000025,0.591842999999982,-0.180591000000015,-0.114844999999975,0.080803599999943,-0.279104399999947,-0.215119800000044,0.64663199999995,-0.4236876,0.109116800000026
0.842532799999999,-1.30698200000004,0.551219200000018,-0.0377902705327955,-0.0343884328917934,-0.939747266594614,0.338030185137741,0.692493599999961,0.560215999999984,-0.114759000000096,-1.16235759999995,-0.104683799999935,-2.00445999999999,-0.547188800000044,1.7400192,0.885840800000007,1.80579519999996,-0.424178199999958,0.168952799999952,0.185486600000015,0.596332399999977,-0.17677720000002,-0.12077079999997,0.0889487999999699,-0.285060799999984,-0.194273200000128,0.656441399999954,-0.421060600000019,0.118301399999921
0.842806999999999,-1.29791900000004,0.547516000000018,-0.0384422457956585,-0.0370102366395337,-0.941184017831253,0.33365413334933,0.700574999999961,0.563614999999984,-0.0946050000000974,-1.17359799999995,-0.118346999999934,-2.00591199999999,-0.537869000000045,1.74,0.884324000000007,1.81378899999996,-0.433038999999957,0.179057999999951,0.182276000000016,0.601171999999977,-0.17261200000002,-0.12706299999997,0.0952439999999696,-0.288436999999984,-0.167554000000129,0.665978999999954,-0.417094000000019,0.13482299999992
0.843116599999999,-1.28890400000004,0.54342460000002,-0.039395334769486,-0.0402961454966798,-0.942217404202922,0.330228090073541,0.710542799999951,0.570309199999967,-0.0728262000001065,-1.19031159999992,-0.12862439999995,-2.00857179999999,-0.530594600000036,1.74,0.88627399999999,1.81967919999997,-0.44335239999995,0.188435399999954,0.18015200000001,0.609611599999959,-0.166669600000029,-0.135640599999958,0.0940716000000057,-0.286231400000011,-0.133798600000165,0.666749999999996,-0.42126459999998,0.162280199999866
0.843413199999999,-1.28002740000004,0.539519000000017,-0.0404874399898009,-0.0433836540535156,-0.943084269811438,0.327216573232873,0.720298199999955,0.577319799999963,-0.0506628000001112,-1.2081615999999,-0.137897999999965,-2.01150379999998,-0.523312400000035,1.74,0.888491399999987,1.82530099999998,-0.453062599999959,0.198065599999951,0.178266200000007,0.616891199999976,-0.159694000000044,-0.144367399999956,0.0906602000000383,-0.281675400000045,-0.102880400000122,0.664739800000037,-0.430996399999899,0.189469399999871
0.843683799999999,-1.27142760000004,0.535985000000017,-0.0418588091280392,-0.0460756070456356,-0.943647682836461,0.325044503431664,0.729628799999954,0.584963199999962,-0.0277302000001125,-1.2282843999999,-0.145163999999964,-2.01498019999998,-0.516014600000036,1.74,0.891243599999986,1.83038599999998,-0.461566399999958,0.20820139999995,0.176856800000007,0.621850799999976,-0.150652000000044,-0.153392599999956,0.0827708000000387,-0.272418600000045,-0.0776366000001239,0.657167200000037,-0.451850599999898,0.216122599999869
0.844178399999997,-1.26320340000004,0.53352100000001,-0.0433499076972617,-0.0468788972092784,-0.943922935132393,0.32393309035992,0.737556199999964,0.591434999999971,-0.00555920000010817,-1.2484903999999,-0.150559999999978,-2.01859019999998,-0.508965200000034,1.74,0.893592199999989,1.83553899999997,-0.468136599999972,0.219706799999939,0.175291400000008,0.619788000000028,-0.139092800000064,-0.162981799999951,0.0715922000000637,-0.260690200000064,-0.0665964000000196,0.651548200000023,-0.480018799999842,0.23310139999994
0.844784999999997,-1.25516700000004,0.53159200000001,-0.0449009703136583,-0.0467379690991325,-0.944056375835917,0.323352786214894,0.744781999999964,0.597320999999971,0.0162309999998927,-1.2687379999999,-0.155020999999978,-2.02226699999998,-0.502040000000034,1.74,0.895738999999989,1.84072599999997,-0.473739999999972,0.23189699999994,0.173648000000008,0.614214000000027,-0.126275000000063,-0.172852999999951,0.0587690000000632,-0.247726000000064,-0.0626580000000194,0.646906000000023,-0.511843999999843,0.24524299999994
0.845519399999996,-1.24695420000004,0.531163600000002,-0.0468223735730275,-0.045050362238101,-0.943858846467962,0.323895983518433,0.747841999999985,0.602509199999974,0.0366189999998984,-1.28658259999991,-0.155380999999998,-2.02585439999998,-0.496139000000029,1.74,0.896270599999997,1.84495539999998,-0.473671,0.242652599999946,0.16563920000004,0.593851200000101,-0.11022560000008,-0.183966799999945,0.0460580000000633,-0.232392400000076,-0.0660095999999833,0.647270799999998,-0.542796199999846,0.24125480000002
0.846174999999997,-1.23885700000004,0.531069999999997,-0.0487627829376873,-0.043533166792117,-0.943503985615097,0.324849632164865,0.748852800000015,0.608281799999966,0.0547863999999321,-1.30179479999995,-0.153937600000025,-2.02984219999998,-0.491025400000017,1.74,0.896248400000006,1.84843839999999,-0.471220000000036,0.251732599999972,0.155152800000076,0.568567800000174,-0.0945326000000741,-0.194466799999954,0.0344792000000461,-0.216050600000091,-0.0662114000000302,0.64686120000001,-0.571674799999878,0.234797200000056
0.846672999999997,-1.23099100000004,0.531645999999997,-0.0507414556784586,-0.0423570498165881,-0.942839678762779,0.326625971344847,0.745765200000015,0.615223199999965,0.0685125999999313,-1.31174219999995,-0.148887400000025,-2.03463079999998,-0.487486600000018,1.74,0.895118600000006,1.85042859999999,-0.464005000000036,0.257461399999971,0.139711200000077,0.533443200000176,-0.0795524000000749,-0.203739199999954,0.0251648000000466,-0.197692400000092,-0.0601136000000305,0.64490280000001,-0.596406199999876,0.223400800000057
0.847003799999999,-1.22369100000004,0.532813599999993,-0.0525746829590646,-0.0424990675749267,-0.94189071322384,0.329046526056272,0.739920400000037,0.624255799999949,0.0735743999999963,-1.31244240000002,-0.140182000000053,-2.04167859999996,-0.48497740000001,1.74,0.892924000000014,1.85238719999999,-0.452123200000072,0.260473399999992,0.124670400000075,0.492155400000225,-0.0685502000000456,-0.207074799999998,0.0195708000000189,-0.18108660000008,-0.0525802000000417,0.640806400000026,-0.615823199999915,0.211058400000065
0.847250999999999,-1.21667400000004,0.534276999999993,-0.0543347942675232,-0.0432998360501319,-0.940792437797319,0.331786743727527,0.732697000000036,0.634333999999949,0.0743039999999963,-1.30851900000002,-0.129649000000053,-2.04985599999996,-0.48298300000001,1.74,0.890197000000014,1.85432999999999,-0.437908000000071,0.262126999999992,0.109830000000075,0.447786000000223,-0.0595370000000453,-0.207441999999998,0.0158370000000187,-0.165357000000079,-0.0443290000000414,0.635641000000026,-0.632582999999916,0.198243000000064
0.848157599999996,-1.20993480000003,0.53633139999999,-0.0545203397125728,-0.0450614517806958,-0.939142079648303,0.336168339310683,0.717485800000077,0.65602879999989,0.0503154000001218,-1.29028560000009,-0.110788000000096,-2.05281039999999,-0.497847399999925,1.74,0.887903200000012,1.84391520000005,-0.420450400000089,0.253773200000042,0.11774279999996,0.407649600000204,-0.0523160000000367,-0.214365999999965,0.00784740000004057,-0.161681400000019,-0.0489885999999763,0.638436399999986,-0.643373999999945,0.183112200000077
0.84941619999999,-1.20282240000004,0.538701399999985,-0.0543192059526908,-0.0470432850804905,-0.937294219910126,0.341051167006613,0.700399200000105,0.679556399999863,0.0180904000002454,-1.26854260000014,-0.0890436000001387,-2.05283120000003,-0.516935399999861,1.7400814,0.884736200000025,1.83091000000009,-0.404882400000059,0.243125000000077,0.134769799999822,0.381939799999984,-0.0477093999999969,-0.220370599999979,-0.000393199999955936,-0.160052199999988,-0.0565677999999324,0.640570199999996,-0.650202200000006,0.168078600000075
0.85137879999999,-1.19496360000004,0.541702599999985,-0.0533452976411408,-0.0494660028578804,-0.935061514383805,0.346939992072271,0.679561800000106,0.706749599999861,-0.0306073999997518,-1.23978040000015,-0.0615324000001402,-2.04698480000003,-0.54447059999986,1.7403256,0.879822800000025,1.81272400000009,-0.39309360000006,0.227888000000078,0.17002519999982,0.385083199999984,-0.0483315999999968,-0.224536399999979,-0.00913579999995544,-0.162515799999987,-0.0699861999999316,0.641380799999996,-0.649104800000006,0.153239400000076
0.853148599999991,-1.18863320000003,0.544216199999988,-0.0521468435372797,-0.0513369990221918,-0.933215661143022,0.35178651059682,0.660821600000091,0.726330799999919,-0.0729451999997982,-1.2169598000001,-0.0388684000001043,-2.03571920000007,-0.566721799999899,1.7399182,0.873272600000038,1.7939328000001,-0.386285600000022,0.214223400000066,0.203500999999832,0.40296179999987,-0.0515645999999766,-0.2259278,-0.016056399999969,-0.164911799999988,-0.0809825999999496,0.639326200000018,-0.643655000000039,0.14180900000005
0.854821999999991,-1.18306700000003,0.546485999999988,-0.0508358211456177,-0.0529318137713248,-0.931557722523939,0.356109747108025,0.64313000000009,0.742105999999919,-0.1121029999998,-1.1971100000001,-0.0186280000001035,-2.02174400000007,-0.5863309999999,1.739185,0.865904000000038,1.7748390000001,-0.381968000000022,0.201345000000066,0.236086999999833,0.428207999999871,-0.0561029999999768,-0.225932,-0.0220659999999693,-0.167273999999988,-0.0907679999999499,0.635839000000018,-0.636029000000039,0.13208300000005
0.855231199999998,-1.18145360000001,0.547520399999995,-0.0502490265428419,-0.0531460161036945,-0.931049580614088,0.357487363052364,0.634709000000043,0.738518600000019,-0.122871199999944,-1.19186780000003,-0.0124258000000321,-2.00760920000007,-0.583469000000015,1.73706580000001,0.85628780000005,1.76399040000006,-0.380955200000005,0.198094800000017,0.244294399999958,0.44569259999991,-0.0618119999999705,-0.217245200000045,-0.0214504000000032,-0.164969400000012,-0.0932549999999871,0.627152800000045,-0.626488400000049,0.129422000000014
0.855378600000002,-1.18073399999999,0.548138200000001,-0.0497078207184372,-0.0530316083332784,-0.93077885471398,0.358284111696766,0.627304800000028,0.733067000000048,-0.127431800000041,-1.19008639999997,-0.00895899999998952,-1.99309600000008,-0.578226600000052,1.73462080000002,0.847088800000044,1.75255000000007,-0.379280000000016,0.195518800000006,0.247755000000032,0.454933000000038,-0.0653510000000042,-0.211115800000005,-0.0213067999999958,-0.162875400000009,-0.0942188000000109,0.620234200000018,-0.618675600000023,0.127448400000003
0.855002400000002,-1.18180199999999,0.547922800000001,-0.0492579733603853,-0.0522601713358844,-0.930986308373876,0.357920410388615,0.621934200000028,0.723887000000048,-0.119577200000041,-1.19522659999997,-0.0109629999999896,-1.97782600000008,-0.568223400000052,1.73152420000002,0.838724200000043,1.73992600000007,-0.376280000000016,0.194291200000006,0.241722000000031,0.447685000000038,-0.0645500000000042,-0.210101200000005,-0.0221071999999958,-0.161202600000009,-0.0921362000000108,0.616850800000018,-0.614318400000023,0.126849600000003
0.854757400000001,-1.1824212,0.5478994,-0.0487756152926598,-0.0516510161941876,-0.931070490547554,0.35785591166064,0.615939600000033,0.715939800000039,-0.114809800000017,-1.19865559999999,-0.0115518000000006,-1.96275120000008,-0.559703400000041,1.72859040000001,0.830268800000045,1.72734000000007,-0.373413600000015,0.19256760000001,0.238085800000013,0.443639800000013,-0.0645249999999981,-0.208340600000011,-0.0229003999999959,-0.159555800000009,-0.0908220000000049,0.612938600000022,-0.609389200000027,0.125791200000007
0.854578000000001,-1.182816,0.547972,-0.0482769960415788,-0.0511229958082241,-0.93109292365597,0.357940970650989,0.609633000000034,0.708609000000039,-0.111586000000017,-1.20122899999999,-0.0114330000000006,-1.94777400000008,-0.551925000000041,1.72573800000002,0.821768000000045,1.71477300000007,-0.370614000000015,0.19059600000001,0.235648000000013,0.441196000000013,-0.0648879999999981,-0.206207000000011,-0.0236899999999958,-0.157922000000009,-0.0898920000000049,0.608762000000022,-0.604174000000028,0.124503000000007
0.854398600000001,-1.1832114,0.5480452,-0.0477784152593526,-0.0505950161589106,-0.931114898835279,0.358025714917451,0.603326400000033,0.701278800000039,-0.108362800000017,-1.20380239999999,-0.0113148000000006,-1.93279680000008,-0.544146600000041,1.72288560000002,0.813267200000045,1.70220660000007,-0.367815000000015,0.18862440000001,0.233210200000013,0.438752800000013,-0.0652509999999981,-0.204074000000011,-0.0244789999999958,-0.156288200000009,-0.0889620000000049,0.604585400000022,-0.598958200000028,0.123214800000007
0.854219400000001,-1.1836066,0.5481182,-0.04727981775828,-0.0500670188051519,-0.931136349260339,0.358110334320075,0.597019800000034,0.693948600000039,-0.105139600000017,-1.20637579999999,-0.0111966000000006,-1.91781980000008,-0.536368000000041,1.72003320000002,0.804766200000045,1.68964000000007,-0.365015800000015,0.18665280000001,0.230772400000013,0.436309400000013,-0.0656141999999981,-0.201941000000011,-0.0252681999999958,-0.154654400000009,-0.088032000000005,0.600408600000022,-0.593742400000028,0.121926800000007
0.854040600000001,-1.1840014,0.5481908,-0.0467812125007957,-0.0495390132377308,-0.931157248343109,0.358194895528227,0.590713200000033,0.686618400000039,-0.101916400000017,-1.20894919999999,-0.0110784000000006,-1.90284320000008,-0.528589000000041,1.71718080000002,0.796264800000045,1.67707300000007,-0.362216200000015,0.18468120000001,0.228334600000013,0.433865600000013,-0.0659777999999981,-0.199808000000011,-0.0260577999999958,-0.153020600000009,-0.0871020000000049,0.596231400000022,-0.588526600000028,0.120639200000007
0.853861400000001,-1.1843962,0.5482634,-0.0462826065139081,-0.0490110068979098,-0.931177729539361,0.358279049829952,0.584406600000034,0.679287800000039,-0.0986932000000172,-1.21152259999999,-0.0109602000000006,-1.88786620000008,-0.520810400000042,1.71432800000002,0.787763800000045,1.66450640000007,-0.359416600000015,0.182709600000011,0.225896800000013,0.431422200000013,-0.0663409999999981,-0.197674600000011,-0.0268473999999958,-0.151386800000009,-0.086172000000005,0.592054600000022,-0.583311200000028,0.119351200000007
0.853682000000001,-1.184791,0.548336,-0.0457839878462327,-0.0484829871297593,-0.931197752805208,0.358362904869354,0.578100000000034,0.67195700000004,-0.0954700000000174,-1.21409599999999,-0.0108420000000006,-1.87288900000008,-0.513032000000042,1.71147500000002,0.779263000000046,1.65194000000007,-0.356617000000015,0.180738000000011,0.223459000000013,0.428979000000013,-0.066703999999998,-0.195541000000012,-0.0276369999999957,-0.149753000000009,-0.085242000000005,0.587878000000023,-0.578096000000028,0.118063000000007
0.853502600000001,-1.1851864,0.5484086,-0.0452847985556915,-0.0479543984705486,-0.931217170678895,0.358446988716453,0.571793400000034,0.664626800000039,-0.0922468000000173,-1.21666939999999,-0.0107238000000006,-1.85791240000008,-0.505253600000042,1.70862260000002,0.770761600000046,1.63937360000007,-0.353817400000015,0.178766400000011,0.221021200000013,0.426535800000013,-0.067067599999998,-0.193408000000011,-0.0284265999999958,-0.148119800000009,-0.084312600000005,0.583700800000022,-0.572880200000028,0.116775400000007
0.853323200000001,-1.1855816,0.5484812,-0.0447857958142709,-0.0474259955675153,-0.931236112417786,0.358530766276369,0.565487000000034,0.65729640000004,-0.0890236000000175,-1.21924299999999,-0.0106056000000006,-1.84293560000008,-0.497475200000042,1.70577020000002,0.762260400000046,1.62680700000007,-0.351017800000015,0.176794800000011,0.218583600000013,0.424092400000013,-0.067430999999998,-0.191275000000012,-0.0292159999999957,-0.146486400000009,-0.083383000000005,0.579523800000023,-0.567664400000028,0.115487600000007
0.853143800000001,-1.1859764,0.5485538,-0.0442871906052552,-0.0468979900514206,-0.93125460189675,0.358614123708975,0.559181000000034,0.64996560000004,-0.0858004000000173,-1.22181699999999,-0.0104874000000006,-1.82795840000008,-0.489696800000042,1.70291780000002,0.753759600000046,1.61424000000007,-0.348218200000015,0.174823200000011,0.216146400000013,0.421648600000013,-0.0677939999999981,-0.189142000000011,-0.0300049999999958,-0.144852600000009,-0.082453000000005,0.575347200000022,-0.562448600000028,0.114199400000007
0.852964800000001,-1.1863716,0.5486264,-0.0437886008737586,-0.0463700009252665,-0.931272620869663,0.35869720805473,0.552874600000034,0.64263520000004,-0.0825768000000175,-1.22439059999999,-0.0103692000000006,-1.81298120000008,-0.481918400000042,1.70006540000002,0.745258800000046,1.60167340000007,-0.345419000000015,0.172851200000011,0.213708800000013,0.419205200000013,-0.068156999999998,-0.187009000000012,-0.0307943999999957,-0.143218800000009,-0.081523000000005,0.571170600000023,-0.557233200000028,0.112911200000007
0.852786000000001,-1.186767,0.548699,-0.0432900072388718,-0.0458420076656124,-0.93129015572849,0.358780059994489,0.546568000000035,0.63530500000004,-0.0793530000000177,-1.22696399999999,-0.0102510000000007,-1.79800400000008,-0.474140000000043,1.69721300000002,0.736758000000047,1.58910700000007,-0.342620000000015,0.170879000000011,0.211271000000013,0.416762000000013,-0.068519999999998,-0.184876000000012,-0.0315839999999957,-0.141585000000009,-0.0805930000000051,0.566994000000023,-0.552018000000029,0.111623000000007
0.852606600000001,-1.1871618,0.5487722,-0.0427908166368988,-0.0453134176176768,-0.931307162402774,0.35886293964778,0.540261400000034,0.62797480000004,-0.0761298000000176,-1.22953739999999,-0.0101328000000006,-1.78302740000008,-0.466361000000042,1.69436060000002,0.728256600000046,1.57654060000007,-0.339820400000015,0.168907400000011,0.208833200000013,0.414318800000013,-0.068883599999998,-0.182742400000012,-0.0323735999999957,-0.139951200000009,-0.0796630000000051,0.562816800000023,-0.546802200000028,0.110335400000007
0.852427200000001,-1.1875568,0.5488452,-0.0422918104009798,-0.0447850110141427,-0.931323627371316,0.358945687620572,0.533954800000035,0.62064440000004,-0.0729066000000178,-1.23211079999999,-0.0100144000000007,-1.76805060000008,-0.458582200000043,1.69150820000002,0.719755400000047,1.56397400000007,-0.337020800000015,0.166935800000011,0.206395400000013,0.411875400000013,-0.069246999999998,-0.180609000000012,-0.0331629999999957,-0.138317400000009,-0.0787330000000051,0.558639800000023,-0.541586400000029,0.109047600000007
0.852247800000001,-1.1879522,0.5489178,-0.0417931959769749,-0.0442569957398098,-0.931339508656523,0.359028364775741,0.527648200000035,0.613313600000041,-0.069683400000018,-1.23468419999999,-0.00989560000000066,-1.75307340000008,-0.450803800000043,1.68865580000002,0.711254600000047,1.55140700000007,-0.334221200000016,0.164964200000011,0.203957600000014,0.409431600000014,-0.069609999999998,-0.178476000000012,-0.0339519999999956,-0.136683600000009,-0.0778030000000052,0.554463200000023,-0.536370600000029,0.107759400000007
0.852068800000001,-1.1883472,0.5489904,-0.04129419780028,-0.0437285976706038,-0.931354951518338,0.359110781314163,0.521341600000035,0.605983200000041,-0.0664602000000178,-1.23725759999999,-0.00977720000000065,-1.73809620000008,-0.443025400000043,1.68580340000002,0.702753400000047,1.53884040000007,-0.331421600000016,0.162992600000011,0.201519800000013,0.406988200000014,-0.069972999999998,-0.176343000000012,-0.0347413999999956,-0.135050200000009,-0.0768730000000051,0.550286200000023,-0.531155200000029,0.106471600000007
0.851890000000001,-1.188742,0.549063,-0.040794996732854,-0.043199996540245,-0.93136992540938,0.359192971233313,0.515035000000035,0.598653000000041,-0.063237000000018,-1.23983099999999,-0.00965900000000066,-1.72311900000008,-0.435247000000043,1.68295100000002,0.694252000000047,1.52627400000007,-0.328622000000016,0.161021000000011,0.199082000000014,0.404545000000014,-0.070335999999998,-0.174210000000012,-0.0355309999999956,-0.133417000000009,-0.0759430000000052,0.546109000000023,-0.525940000000029,0.105184000000007
0.851710600000001,-1.1891368,0.5491356,-0.0402964032655555,-0.0426720034580704,-0.931384475346292,0.359274629063404,0.508728400000036,0.591322200000041,-0.0600138000000182,-1.24240439999999,-0.00954080000000067,-1.70814240000008,-0.427468600000044,1.68009860000002,0.685751200000048,1.51370760000007,-0.325823000000016,0.159049400000011,0.196644200000014,0.402101800000014,-0.0706995999999979,-0.172076400000012,-0.0363205999999955,-0.131783200000009,-0.0750130000000053,0.541932400000024,-0.520724200000029,0.103895800000007
0.851531200000001,-1.1895318,0.5492082,-0.0397976037861966,-0.0421438040094088,-0.931398489953622,0.35935623471509,0.502421800000035,0.583991600000041,-0.0567904000000181,-1.24497799999999,-0.00942260000000066,-1.69316560000008,-0.419690000000044,1.67724620000002,0.677250200000048,1.50114100000007,-0.323023800000016,0.157077800000011,0.194206400000014,0.399658400000014,-0.071062999999998,-0.169943000000012,-0.0371099999999956,-0.130149400000009,-0.0740830000000052,0.537755600000023,-0.515508400000029,0.102607600000007
0.851351800000001,-1.1899272,0.5492808,-0.0392984138975731,-0.0416152147168948,-0.931411930747348,0.359437927646345,0.496115200000036,0.576661400000042,-0.0535666000000183,-1.24755199999999,-0.00930440000000067,-1.67818840000008,-0.411911000000044,1.67439380000002,0.668748800000048,1.48857400000007,-0.320224200000016,0.155106200000011,0.191768600000014,0.397214600000014,-0.0714259999999979,-0.167810000000012,-0.0378989999999955,-0.128515600000009,-0.0731530000000053,0.533578400000024,-0.51029260000003,0.101319400000007
0.851172400000001,-1.1903222,0.5493534,-0.038799223021321,-0.0410866243785418,-0.931424953781675,0.359519213760437,0.489808600000035,0.569331200000041,-0.0503432000000181,-1.25012559999999,-0.00918620000000066,-1.66321160000008,-0.404132400000044,1.67154140000002,0.660247800000048,1.47600740000007,-0.317424600000016,0.153134600000011,0.189330800000014,0.394771200000014,-0.0717893999999979,-0.165677000000012,-0.0386883999999956,-0.126881800000009,-0.0722234000000052,0.529401600000024,-0.505077200000029,0.100031600000007
0.850993000000001,-1.190717,0.549426,-0.0383000213267437,-0.040558022584075,-0.931437518655758,0.359600200237493,0.483502000000036,0.562001000000042,-0.0471200000000183,-1.25269899999999,-0.00906800000000067,-1.64823500000008,-0.396354000000044,1.66868900000002,0.651747000000048,1.46344100000007,-0.314625000000016,0.151163000000011,0.186893000000014,0.392328000000014,-0.0721529999999979,-0.163544000000012,-0.0394779999999955,-0.125248000000009,-0.0712940000000053,0.525225000000024,-0.49986200000003,0.0987440000000073
0.850814200000001,-1.1911124,0.5494992,-0.037801419726959,-0.0400294208897462,-0.931449484320359,0.359681187010378,0.477195400000036,0.554670200000042,-0.0438968000000185,-1.25527239999999,-0.00894980000000068,-1.63325780000009,-0.388575600000045,1.66583600000002,0.643246200000049,1.45087400000007,-0.311825400000016,0.149190800000011,0.184455200000014,0.389884800000014,-0.0725159999999979,-0.161410400000012,-0.0402675999999955,-0.123614200000009,-0.0703640000000053,0.521048400000024,-0.49464620000003,0.0974558000000074
0.850635200000001,-1.1915076,0.5495722,-0.0373026119539074,-0.0395010126584045,-0.931460898550026,0.359762115310596,0.470888800000036,0.547339600000042,-0.0406736000000184,-1.25784579999999,-0.00883160000000067,-1.61828060000009,-0.380797200000044,1.66298320000002,0.634745200000048,1.43830720000007,-0.309026000000016,0.147218800000011,0.182017400000014,0.387441400000014,-0.0728789999999979,-0.159277000000012,-0.0410569999999955,-0.121980600000009,-0.0694340000000053,0.516871600000024,-0.48943060000003,0.0961678000000074
0.850455800000001,-1.1919024,0.5496448,-0.036803412167765,-0.0389730128850707,-0.931471708015661,0.359843118991954,0.464582200000036,0.540009400000042,-0.0374504000000186,-1.26041919999999,-0.00871340000000068,-1.60330340000009,-0.373018800000045,1.66013080000002,0.626243800000049,1.42574080000007,-0.306227000000016,0.145247200000011,0.179579600000014,0.384997600000014,-0.0732419999999979,-0.157144000000012,-0.0418459999999955,-0.120347400000009,-0.0685040000000054,0.512694400000024,-0.48421540000003,0.0948802000000074
0.850276400000001,-1.1922976,0.5497174,-0.0363042174574483,-0.0384446184866963,-0.931482249051724,0.359923373519638,0.458275600000036,0.532678800000042,-0.0342272000000184,-1.26299259999999,-0.00859520000000068,-1.58832660000009,-0.365240400000044,1.65727840000002,0.617742800000049,1.41317440000007,-0.303427600000016,0.143275600000011,0.177142200000014,0.382554200000014,-0.0736053999999979,-0.155011000000012,-0.0426353999999955,-0.118713800000009,-0.0675740000000053,0.508517600000024,-0.47899980000003,0.0935922000000074
0.850097000000001,-1.192693,0.54979,-0.0358050156261386,-0.0379160165474283,-0.931492406524799,0.360003157113692,0.451969000000036,0.525348000000042,-0.0310040000000186,-1.26556599999999,-0.00847700000000068,-1.57335000000009,-0.357462000000045,1.65442600000002,0.609242000000049,1.40060800000007,-0.300628000000016,0.141304000000011,0.174705000000014,0.380111000000014,-0.0739689999999979,-0.152878000000012,-0.0434249999999954,-0.117080000000009,-0.0666440000000054,0.504341000000024,-0.47378400000003,0.0923040000000074
0.849918200000001,-1.1930878,0.5498626,-0.0353058071476261,-0.037387407569035,-0.931501784923634,0.360083471463222,0.445662400000037,0.518017800000043,-0.0277808000000188,-1.26813939999998,-0.00835820000000069,-1.55837280000009,-0.349683000000045,1.65157360000002,0.60074060000005,1.38804100000007,-0.297828400000016,0.139332400000012,0.172267200000014,0.377667800000014,-0.0743319999999979,-0.150745000000012,-0.0442145999999954,-0.11544620000001,-0.0657140000000054,0.500163800000024,-0.46856820000003,0.0910158000000075
0.849739200000001,-1.1934826,0.5499352,-0.0348065979317774,-0.0368587978098383,-0.931510746086418,0.360163379162783,0.439356000000037,0.510687600000042,-0.0245574000000187,-1.27071299999999,-0.00823960000000068,-1.54339560000009,-0.341904200000045,1.64872120000002,0.592239400000049,1.37547420000007,-0.295028800000016,0.137360800000011,0.169829400000014,0.375224400000014,-0.0746949999999979,-0.148611800000012,-0.0450041999999954,-0.113812400000009,-0.0647840000000054,0.495986800000024,-0.46335260000003,0.0897278000000075
0.849559800000001,-1.1938774,0.550007799999999,-0.0343074062597501,-0.0363302066288351,-0.931519371423675,0.36024266630214,0.433050000000037,0.503357400000043,-0.0213336000000189,-1.27328699999998,-0.00812140000000069,-1.52841840000009,-0.334125800000046,1.64586880000002,0.58373860000005,1.36290780000007,-0.292229200000016,0.135389200000012,0.167391600000014,0.372780600000014,-0.0750579999999979,-0.146478200000012,-0.0457937999999954,-0.11217860000001,-0.0638540000000054,0.491810200000025,-0.458137400000031,0.0884402000000075
0.849380400000001,-1.1942726,0.5500804,-0.0338082089413003,-0.0358016094684955,-0.931527445529292,0.360321894967985,0.426743600000037,0.496026800000043,-0.0181102000000191,-1.27586059999999,-0.0080032000000007,-1.51344160000009,-0.326347400000046,1.64301640000002,0.57523780000005,1.35034140000007,-0.289430000000017,0.133417600000012,0.164953800000014,0.370337200000014,-0.0754213999999978,-0.144345000000013,-0.0465829999999953,-0.11054520000001,-0.0629240000000055,0.487633600000025,-0.452921800000031,0.0871522000000076
0.849201000000001,-1.194668,0.550153,-0.0333089998162039,-0.0352729998053667,-0.93153499485979,0.360400998011307,0.420437000000037,0.488696000000043,-0.0148870000000189,-1.27843399999998,-0.0078850000000007,-1.49846500000009,-0.318569000000046,1.64016400000002,0.56673700000005,1.33777500000007,-0.286631000000016,0.131446000000012,0.162516000000014,0.367894000000014,-0.0757849999999979,-0.142212000000013,-0.0473719999999954,-0.10891200000001,-0.0619940000000055,0.483457000000025,-0.447706000000031,0.0858640000000076
0.849021600000001,-1.1950628,0.5502262,-0.032809810746787,-0.0347438113802052,-0.931541906600492,0.360480318653679,0.414130400000037,0.481365800000043,-0.0116638000000191,-1.28100739999998,-0.0077668000000007,-1.48348780000009,-0.310790600000046,1.63731160000002,0.55823560000005,1.32520800000007,-0.283831400000017,0.129474400000012,0.160078200000014,0.365450800000015,-0.0761479999999979,-0.140079000000013,-0.0481615999999953,-0.10727820000001,-0.0610646000000055,0.479279800000025,-0.442490200000031,0.0845764000000076
0.848842400000001,-1.1954578,0.5502992,-0.032310612267095,-0.0342148129900468,-0.93154835379285,0.360559336937504,0.407823800000038,0.474035400000044,-0.0084406000000193,-1.28358079999998,-0.00764860000000071,-1.46851080000009,-0.303012000000047,1.63445920000002,0.549734400000051,1.31264120000008,-0.281031800000017,0.127502600000012,0.157640400000015,0.363007400000015,-0.0765111999999978,-0.137945800000013,-0.0489511999999953,-0.10564440000001,-0.0601350000000056,0.475102800000025,-0.437274600000031,0.0832886000000077
0.848663600000001,-1.1958532,0.5503718,-0.0318114126735672,-0.0336862134204821,-0.931554371250045,0.360637943724777,0.401517200000038,0.466704600000044,-0.00521740000001918,-1.28615419999998,-0.0075304000000007,-1.45353420000009,-0.295233000000046,1.63160680000002,0.541233600000051,1.30007480000008,-0.278232200000017,0.125530400000012,0.155202600000015,0.360563600000015,-0.0768747999999978,-0.135812200000013,-0.0497407999999953,-0.10401060000001,-0.0592050000000055,0.470926200000025,-0.432059400000031,0.0820004000000077
0.848484400000001,-1.1962482,0.5504444,-0.0313122080907794,-0.0331576085676092,-0.931559837599001,0.360716491986546,0.395210600000038,0.459374200000044,-0.00199420000001936,-1.28872759999998,-0.00741220000000071,-1.43855720000009,-0.287454400000047,1.62875440000002,0.532732400000051,1.28750840000008,-0.275432600000017,0.123558600000012,0.152764800000015,0.358120200000015,-0.0772379999999978,-0.133679000000013,-0.0505299999999953,-0.10237680000001,-0.0582750000000056,0.466749200000025,-0.426843800000031,0.0807122000000077
0.848305000000001,-1.196643,0.550517,-0.0308129926994815,-0.0326289922692169,-0.931564779284383,0.360794914516871,0.388904000000038,0.452044000000044,0.00122899999998076,-1.29130099999998,-0.00729400000000071,-1.42358000000009,-0.279676000000046,1.62590200000002,0.524231000000051,1.27494200000008,-0.272633000000017,0.121587000000012,0.150327000000015,0.355677000000015,-0.0776009999999978,-0.131546000000013,-0.0513189999999953,-0.10074300000001,-0.0573450000000055,0.462572000000025,-0.421628000000031,0.0794240000000077
0.848125600000001,-1.1970378,0.5505896,-0.030313202644357,-0.032100402800328,-0.93156928277406,0.36087303207267,0.382597400000038,0.444713200000044,0.00445279999998058,-1.29387439999998,-0.00717580000000071,-1.40860280000009,-0.271897600000047,1.62304960000002,0.515730200000051,1.26237500000008,-0.269833400000017,0.119615400000012,0.147889200000015,0.353233800000015,-0.0779639999999978,-0.129413000000013,-0.0521085999999952,-0.0991092000000098,-0.0564150000000056,0.458395400000025,-0.416412200000031,0.0781364000000078
0.847946400000001,-1.1974328,0.5506622,-0.0298136041124467,-0.0315716043549348,-0.931573328720022,0.360950849875408,0.376290800000038,0.437382600000045,0.0076763999999804,-1.29644779999998,-0.00705760000000072,-1.39362580000009,-0.264119200000047,1.62019700000002,0.507229400000052,1.24980820000008,-0.267034000000017,0.117643800000012,0.145451400000015,0.350790400000015,-0.0783271999999978,-0.127279800000013,-0.0528981999999952,-0.0974756000000099,-0.0554850000000057,0.454218600000025,-0.411196600000032,0.0768486000000078
0.847767600000001,-1.1978282,0.5507348,-0.0293144049743751,-0.0310424052675922,-0.931576958303586,0.361028261350881,0.369984200000038,0.430052400000044,0.0108995999999805,-1.29902119999998,-0.00693940000000071,-1.37864920000009,-0.256340800000047,1.61734400000002,0.498728600000051,1.23724180000008,-0.264235000000017,0.115672200000012,0.143013600000015,0.348346600000015,-0.0786907999999978,-0.125146200000013,-0.0536877999999952,-0.0958424000000099,-0.0545550000000056,0.450041400000025,-0.405981400000032,0.0755604000000078
0.847588400000001,-1.1982232,0.5508074,-0.0288152008801642,-0.0305136009320371,-0.931580025018219,0.361105609681505,0.363677600000038,0.422722200000045,0.0141227999999803,-1.30159499999998,-0.00682080000000073,-1.36367220000009,-0.248562400000047,1.61449140000002,0.490227400000052,1.22467500000008,-0.261435600000017,0.113700600000012,0.140576200000015,0.345903200000015,-0.0790539999999978,-0.123013000000013,-0.0544769999999952,-0.09420880000001,-0.0536250000000057,0.445864600000025,-0.400765800000032,0.0742726000000078
0.847409000000001,-1.198618,0.55088,-0.0283159866708359,-0.0299849858851891,-0.93158256147671,0.361182829980627,0.357371000000038,0.415392000000044,0.0173459999999805,-1.30416899999998,-0.00670200000000072,-1.34869500000009,-0.240784000000047,1.61163900000002,0.481726000000052,1.21210800000008,-0.258636000000017,0.111729000000012,0.138139000000015,0.343460000000015,-0.0794169999999978,-0.120880000000013,-0.0552659999999952,-0.0925750000000099,-0.0526950000000056,0.441688000000025,-0.395550000000032,0.0729850000000078
0.847229600000001,-1.1990134,0.5509532,-0.0278161957365739,-0.0294563954852412,-0.9315846587857,0.361259745245568,0.351064400000039,0.408061200000045,0.0205691999999803,-1.30674239999998,-0.00658380000000072,-1.33371780000009,-0.233005000000048,1.60878660000002,0.473225200000052,1.19954160000008,-0.255836400000017,0.109757400000012,0.135701200000015,0.341016200000015,-0.0797799999999978,-0.118747000000013,-0.0560555999999952,-0.09094120000001,-0.0517650000000057,0.437511400000026,-0.390334200000032,0.0716968000000079
0.847050200000001,-1.1994086,0.5510262,-0.0273166000658232,-0.0289276000696136,-0.931586205027351,0.361336601962485,0.344757800000039,0.400730600000045,0.0237923999999801,-1.30931579999998,-0.00646560000000073,-1.31874080000009,-0.225226200000048,1.60593420000002,0.464724200000052,1.18697520000008,-0.253036800000017,0.107785800000012,0.133263400000015,0.338572600000015,-0.0801431999999977,-0.116614000000013,-0.0568451999999951,-0.0893074000000101,-0.0508352000000057,0.433334600000026,-0.385118600000032,0.070408600000008
0.846870800000001,-1.1998034,0.5510988,-0.0268174099253413,-0.0283984105103893,-0.931587147622332,0.361413534874203,0.338451200000039,0.393400400000045,0.0270155999999802,-1.31188919999998,-0.00634740000000073,-1.30376420000009,-0.217447800000048,1.60308180000002,0.456222800000052,1.17440880000008,-0.250237200000017,0.105814200000012,0.130825600000015,0.336129400000015,-0.0805067999999978,-0.114481000000013,-0.0576347999999952,-0.08767360000001,-0.0499058000000057,0.429157400000026,-0.379903400000032,0.0691204000000079
0.846691800000001,-1.2001986,0.5511714,-0.0263182090348702,-0.0278696095674502,-0.931587715995363,0.361489922601305,0.332144600000039,0.386069800000045,0.03023879999998,-1.31446259999998,-0.00622920000000073,-1.28878720000009,-0.209669400000048,1.60022940000002,0.447721800000053,1.16184200000008,-0.247438000000017,0.103842200000012,0.128387800000015,0.333686200000015,-0.0808699999999977,-0.112347600000013,-0.0584239999999951,-0.0860398000000101,-0.0489760000000058,0.424980600000026,-0.374687800000032,0.067832600000008
0.846513000000001,-1.200594,0.551244,-0.0258189958025835,-0.0273409955551507,-0.931587848550844,0.361565941219868,0.325838000000039,0.378739000000046,0.0334619999999798,-1.31703599999998,-0.00611100000000074,-1.27381000000009,-0.201891000000049,1.59737700000002,0.439221000000053,1.14927500000008,-0.244639000000018,0.101870000000012,0.125950000000015,0.331243000000015,-0.0812329999999977,-0.110214000000013,-0.0592129999999951,-0.0844060000000102,-0.0480460000000058,0.420804000000026,-0.369472000000033,0.0665450000000081
0.846333600000001,-1.2009888,0.5513166,-0.0253191987664293,-0.0268117986937059,-0.931587353808449,0.3616421820651,0.319531400000039,0.371408800000046,0.03668579999998,-1.31960939999998,-0.00599280000000074,-1.25883340000009,-0.194112600000048,1.59452460000002,0.430719600000053,1.13670860000008,-0.241839400000017,0.0998984000000123,0.123512200000015,0.328799200000015,-0.0815965999999977,-0.108081000000013,-0.0600025999999951,-0.0827728000000102,-0.0471160000000058,0.416626800000026,-0.364256200000032,0.065256800000008
0.846154200000001,-1.2013836,0.5513892,-0.0248195991194296,-0.0262825990674316,-0.931586369964007,0.361718188349847,0.31322500000004,0.364078600000046,0.0399093999999798,-1.32218279999998,-0.00587460000000074,-1.24385660000009,-0.186334000000049,1.59167220000002,0.422218400000053,1.12414220000008,-0.239039800000018,0.0979268000000124,0.121074400000015,0.326355600000015,-0.0819599999999977,-0.105948000000013,-0.0607921999999951,-0.0811394000000103,-0.0461860000000058,0.412449800000026,-0.359040600000033,0.0639688000000081
0.845974800000001,-1.2017784,0.5514618,-0.0243204079436433,-0.0257534084116021,-0.931584907356037,0.361793919378261,0.30691900000004,0.356748400000046,0.0431325999999796,-1.32475619999998,-0.00575640000000075,-1.22887940000009,-0.178555000000049,1.58881980000002,0.413717600000054,1.11157580000008,-0.236240200000018,0.0959552000000125,0.118636600000015,0.323912400000015,-0.0823229999999977,-0.103815000000014,-0.061581799999995,-0.0795056000000103,-0.0452560000000059,0.408273200000026,-0.353825400000033,0.0626812000000082
0.845795800000001,-1.2021736,0.5515344,-0.0238208125963797,-0.0252246133387181,-0.931582892991928,0.361869591502175,0.30061260000004,0.349417800000046,0.0463557999999797,-1.32732999999998,-0.00563820000000074,-1.21390220000009,-0.170776400000049,1.58596740000002,0.405216800000054,1.09900900000008,-0.233440600000018,0.0939836000000124,0.116198800000015,0.321469200000015,-0.0826859999999977,-0.101681600000013,-0.062371399999995,-0.0778718000000103,-0.0443260000000058,0.404096600000026,-0.348609800000033,0.0613932000000081
0.845617000000001,-1.202569,0.551607,-0.0233210088517037,-0.0246960093735978,-0.931580353589775,0.36194513737956,0.29430600000004,0.342087000000046,0.0495789999999795,-1.32990399999998,-0.00552000000000075,-1.1989250000001,-0.162998000000049,1.58311500000002,0.396716000000054,1.08644200000008,-0.230641000000018,0.0920120000000125,0.113761000000015,0.319026000000015,-0.0830489999999977,-0.0995480000000135,-0.063160999999995,-0.0762380000000104,-0.0433960000000059,0.399920000000026,-0.343394000000033,0.0601050000000082
0.845437600000001,-1.2029638,0.5516802,-0.0228212111070199,-0.0241668117619166,-0.931577452411219,0.362020175807779,0.28799940000004,0.334756800000046,0.0528021999999797,-1.33247739999998,-0.00540120000000075,-1.18394840000009,-0.155219600000049,1.58026260000002,0.388214600000054,1.07387560000008,-0.227842000000018,0.0900404000000124,0.111323200000015,0.316582200000015,-0.0834125999999977,-0.0974150000000135,-0.063949999999995,-0.0746042000000103,-0.0424660000000059,0.395742800000026,-0.338178800000033,0.0588168000000081
0.845258200000001,-1.2033588,0.5517532,-0.022321605407374,-0.0236376057262789,-0.931574021793704,0.362095086195145,0.28169280000004,0.327426400000047,0.0560253999999795,-1.33505079999998,-0.00528260000000075,-1.1689716000001,-0.14744120000005,1.57741020000002,0.379713400000054,1.06130900000008,-0.225042800000018,0.0880688000000125,0.108885400000016,0.314138600000016,-0.0837759999999977,-0.0952820000000136,-0.064739199999995,-0.0729704000000104,-0.0415360000000059,0.391565800000027,-0.332963400000033,0.0575288000000082
0.845078800000001,-1.2037542,0.551825799999999,-0.0218223961461536,-0.0231083959191538,-0.931570031516881,0.362169934483967,0.275386200000041,0.320095600000047,0.0592485999999793,-1.33762419999998,-0.00516440000000076,-1.1539944000001,-0.13966280000005,1.57455780000002,0.371212600000055,1.04874200000008,-0.222243200000018,0.0860972000000127,0.106447600000016,0.311695400000016,-0.0841389999999977,-0.0931490000000137,-0.0655287999999949,-0.0713366000000105,-0.040606000000006,0.387389200000027,-0.327747600000034,0.0562412000000083
0.844899400000001,-1.2041492,0.5518984,-0.0213227947668783,-0.0225795944584403,-0.931565571722231,0.362244511234131,0.26907960000004,0.312765200000047,0.0624721999999794,-1.34019759999998,-0.00504620000000076,-1.1390176000001,-0.13188440000005,1.57170500000002,0.362711400000054,1.03617540000008,-0.219443600000018,0.0841256000000126,0.104009800000016,0.309252200000016,-0.0845023999999977,-0.0910156000000136,-0.066318399999995,-0.0697032000000104,-0.0396764000000059,0.383212200000027,-0.322531800000033,0.0549532000000082
0.844720000000001,-1.204544,0.551971,-0.0208229916873417,-0.0220509911971172,-0.931560628115482,0.362318855360167,0.262773000000041,0.305435000000047,0.0656959999999792,-1.34277099999998,-0.00492800000000076,-1.1240410000001,-0.12410600000005,1.56885200000002,0.354210000000055,1.02360900000008,-0.216644000000018,0.0821540000000127,0.101572000000016,0.306809000000016,-0.0848659999999977,-0.0888820000000138,-0.0671079999999949,-0.0680700000000105,-0.038747000000006,0.379035000000027,-0.317316000000034,0.0536650000000083
0.844541200000001,-1.2049394,0.5520436,-0.0203232007788094,-0.0215218008247547,-0.931555039719533,0.36239341546516,0.25646640000004,0.298104800000047,0.0689191999999794,-1.34534439999998,-0.00480980000000076,-1.1090638000001,-0.11632700000005,1.56599960000002,0.345709200000054,1.01104260000008,-0.213844400000018,0.0801818000000126,0.0991348000000156,0.304365200000016,-0.0852289999999977,-0.0867490000000137,-0.0678969999999949,-0.0664362000000105,-0.037817000000006,0.374858400000027,-0.312100800000033,0.0523774000000082
0.844362200000001,-1.2053346,0.5521162,-0.0198236040118416,-0.0209926042483864,-0.931548989941122,0.362467673911105,0.250159800000041,0.290774400000047,0.0721423999999792,-1.34791779999998,-0.00469160000000076,-1.0940866000001,-0.10854820000005,1.56314720000002,0.337208400000055,0.998476000000081,-0.211045000000018,0.0782098000000127,0.0966974000000158,0.301921600000016,-0.0855919999999977,-0.0846160000000138,-0.0686861999999949,-0.0648024000000106,-0.036887000000006,0.370681800000027,-0.306885400000034,0.0510896000000083
0.844182800000001,-1.2057294,0.552188799999999,-0.0193244065375299,-0.0204634069228238,-0.931542516598475,0.362541523219703,0.243853200000041,0.283443600000048,0.075365599999979,-1.35049119999998,-0.00457340000000077,-1.0791094000001,-0.100769800000051,1.56029480000002,0.328707600000055,0.985909000000082,-0.208246000000018,0.0762382000000128,0.0942596000000159,0.299478400000016,-0.0859549999999976,-0.0824830000000139,-0.0694757999999948,-0.0631686000000106,-0.0359570000000061,0.366505200000027,-0.301669600000034,0.0498014000000084
0.844003400000001,-1.2061242,0.552261399999999,-0.0188248087668644,-0.0199342092835223,-0.931535634355099,0.362614969081221,0.237546600000041,0.276113200000048,0.0785887999999791,-1.35306499999998,-0.00445520000000077,-1.0641326000001,-0.0929914000000504,1.55744240000002,0.320206400000055,0.973342400000081,-0.205446600000018,0.0742666000000128,0.0918218000000158,0.297035200000016,-0.0863183999999976,-0.0803500000000138,-0.0702653999999949,-0.0615348000000106,-0.035027000000006,0.362328200000027,-0.296453800000034,0.0485132000000083
0.843824000000001,-1.206519,0.552334,-0.0183250058660402,-0.0194050062117604,-0.931528298192503,0.362688116100474,0.231240000000041,0.268783000000048,0.0818119999999789,-1.35563899999998,-0.00433700000000077,-1.0491560000001,-0.0852130000000508,1.55459000000002,0.311705000000056,0.960776000000082,-0.202647000000018,0.0722950000000129,0.0893840000000159,0.294592000000016,-0.0866819999999976,-0.0782170000000139,-0.0710549999999948,-0.0599010000000107,-0.0340970000000061,0.358151000000027,-0.291238000000034,0.0472250000000084
0.843645200000001,-1.2069144,0.5524072,-0.017825203622413,-0.0188758038359029,-0.931520384063489,0.362761271664408,0.224933400000042,0.261452200000048,0.0850351999999787,-1.35821239999998,-0.00421880000000078,-1.0341788000001,-0.0774346000000513,1.55173760000002,0.303204200000056,0.948209600000083,-0.199847400000018,0.070323400000013,0.0869462000000161,0.292148200000016,-0.0870449999999976,-0.0760834000000141,-0.0718439999999948,-0.0582678000000108,-0.0331670000000061,0.353974400000028,-0.286022800000034,0.0459374000000085
0.843466200000001,-1.2073096,0.5524802,-0.0173253996468113,-0.0183467996260284,-0.931511982585325,0.362834193221253,0.218626800000041,0.254121600000048,0.0882583999999789,-1.36078579999998,-0.00410060000000077,-1.0192016000001,-0.069656000000051,1.54888520000002,0.294703200000056,0.935643000000082,-0.197047800000018,0.0683518000000129,0.084508400000016,0.289704600000016,-0.0874079999999976,-0.073950000000014,-0.0726331999999948,-0.0566344000000107,-0.0322370000000061,0.349797600000027,-0.280807400000034,0.0446496000000084
0.843286800000001,-1.2077044,0.5525528,-0.01682560187568,-0.017818201986373,-0.931503105463396,0.362906841092234,0.212320200000042,0.246791400000048,0.0914815999999787,-1.36335919999998,-0.00398240000000078,-1.0042244000001,-0.0618770000000514,1.54603280000002,0.286201800000056,0.923076000000083,-0.194248200000019,0.066380200000013,0.0820706000000161,0.287261400000016,-0.0877709999999976,-0.0718170000000141,-0.0734227999999948,-0.0550006000000108,-0.0313070000000061,0.345620400000028,-0.275591600000035,0.0433614000000085
0.843107400000001,-1.2080996,0.552625399999999,-0.016326201430411,-0.0172892015148575,-0.931493677823679,0.362979430315753,0.206013600000042,0.239461200000049,0.0947051999999785,-1.36593259999998,-0.00386380000000079,-0.9892476000001,-0.0540984000000519,1.54318040000002,0.277700800000057,0.910509400000084,-0.191449000000019,0.0644086000000132,0.0796328000000163,0.284818200000016,-0.0881343999999976,-0.0696840000000142,-0.0742123999999947,-0.0533668000000109,-0.0303770000000062,0.341443600000028,-0.270375800000035,0.0420732000000086
0.842928000000001,-1.208495,0.552697999999999,-0.0158269953429977,-0.0167599950684679,-0.931483725916077,0.363051893173992,0.199707000000042,0.232131000000049,0.0979289999999786,-1.36850599999998,-0.00374500000000079,-0.974271000000099,-0.0463200000000516,1.54032800000002,0.269200000000056,0.897943000000083,-0.188650000000019,0.0624370000000131,0.0771950000000162,0.282375000000016,-0.0884979999999976,-0.0675510000000142,-0.0750019999999948,-0.0517330000000108,-0.0294470000000062,0.337267000000028,-0.265160000000035,0.0407850000000085
0.842748600000001,-1.2088898,0.552770599999999,-0.0153271987665976,-0.0162307986938851,-0.93147312577443,0.363124571065827,0.193400400000042,0.224800200000049,0.101152199999978,-1.37107939999998,-0.00362680000000079,-0.9592938000001,-0.038541600000052,1.53747560000002,0.260698600000057,0.885376600000084,-0.185850400000019,0.0604654000000132,0.0747572000000163,0.279931200000016,-0.0888609999999976,-0.0654174000000143,-0.0757915999999947,-0.0500992000000109,-0.0285176000000062,0.333089800000028,-0.259944800000035,0.0394974000000086
0.842569400000001,-1.2092846,0.552843199999999,-0.014827398949081,-0.0157015988871247,-0.931462135918267,0.363196775017859,0.187094000000042,0.217469600000049,0.104375399999979,-1.37365279999998,-0.00350860000000079,-0.9443168000001,-0.0307632000000517,1.53462320000002,0.252197400000057,0.872810000000083,-0.183050800000019,0.0584936000000131,0.0723194000000162,0.277487600000016,-0.0892241999999976,-0.0632840000000142,-0.0765809999999948,-0.0484654000000109,-0.0275880000000062,0.328912800000028,-0.254729400000035,0.0382096000000086
0.842390600000001,-1.2096794,0.5529158,-0.0143276009735471,-0.0151724010309548,-0.931450865296139,0.363268225470343,0.180788000000042,0.210139400000049,0.107598599999978,-1.37622619999998,-0.00339040000000079,-0.9293402000001,-0.0229848000000522,1.53177080000002,0.243696600000057,0.860243000000084,-0.180251200000019,0.0565214000000132,0.0698816000000164,0.275044400000016,-0.0895877999999976,-0.0611510000000143,-0.0773699999999947,-0.046831600000011,-0.0266580000000062,0.324736200000028,-0.249513600000035,0.0369214000000086
0.842211400000001,-1.2100746,0.552988399999999,-0.0138278037362633,-0.0146432039565909,-0.931438854966686,0.363340099466143,0.174481600000043,0.20280880000005,0.110821799999978,-1.37879959999998,-0.0032722000000008,-0.914363200000101,-0.0152064000000526,1.52891840000002,0.235195800000058,0.847676400000085,-0.177451600000019,0.0545496000000133,0.0674438000000165,0.272601200000017,-0.0899509999999975,-0.0590180000000144,-0.0781593999999947,-0.0451982000000111,-0.0257280000000063,0.320559600000028,-0.244297800000035,0.0356336000000087
0.842032000000001,-1.21047,0.553060999999999,-0.0133280032267133,-0.0141140034170042,-0.931426225498317,0.363412087982077,0.168175000000042,0.195478000000049,0.114044999999978,-1.38137299999998,-0.0031540000000008,-0.899386000000101,-0.00742800000005232,1.52606600000002,0.226695000000057,0.835110000000085,-0.174652000000019,0.0525780000000133,0.0650060000000164,0.270158000000016,-0.0903139999999976,-0.0568850000000143,-0.0789489999999947,-0.043565000000011,-0.0247980000000063,0.316383000000028,-0.239082000000035,0.0343460000000087
0.841852600000001,-1.2108648,0.553134199999999,-0.012828201532653,-0.013584801623032,-0.93141350380793,0.363482840495304,0.161868400000043,0.18814780000005,0.117268199999978,-1.38394699999998,-0.0030358000000008,-0.884408800000102,0.000350999999947233,1.52321300000002,0.218193600000058,0.822543000000085,-0.171852400000019,0.0506064000000134,0.0625682000000165,0.267714200000017,-0.0906769999999975,-0.0547514000000145,-0.0797385999999946,-0.0419312000000111,-0.0238680000000063,0.312205800000028,-0.233866800000035,0.0330578000000087
0.841673400000001,-1.2112598,0.5532072,-0.0123283999512064,-0.0130555999483455,-0.931400204295085,0.363553601692661,0.155561800000043,0.180817600000049,0.120491399999978,-1.38652079999998,-0.0029176000000008,-0.869431800000101,0.00812979999994753,1.52036020000002,0.209692400000057,0.809976200000085,-0.169053000000019,0.0486348000000133,0.0601306000000164,0.265270600000016,-0.0910401999999975,-0.0526180000000144,-0.0805279999999947,-0.040297400000011,-0.0229380000000063,0.308028800000028,-0.228651400000035,0.0317696000000087
0.841494600000001,-1.2116552,0.5532798,-0.0118286055768265,-0.0125264059058359,-0.93138624743882,0.363624574701744,0.149255200000043,0.17348740000005,0.123714599999978,-1.38909419999998,-0.0027994000000008,-0.854455200000102,0.0159081999999471,1.51750780000002,0.201191600000058,0.797409800000085,-0.166254000000019,0.0466632000000134,0.0576934000000166,0.262827400000017,-0.0914037999999975,-0.0504850000000145,-0.0813169999999946,-0.0386636000000111,-0.0220080000000063,0.303852200000028,-0.223435600000035,0.0304814000000088
0.841315400000001,-1.2120502,0.5533524,-0.0113288049094122,-0.0119972051990434,-0.931371792224251,0.36369535314013,0.142948600000043,0.16615680000005,0.126938199999978,-1.39166759999998,-0.00268120000000081,-0.839478200000103,0.0236865999999466,1.51465540000002,0.192690400000058,0.784843400000086,-0.163454600000019,0.0446916000000135,0.0552558000000167,0.260384200000017,-0.0917669999999975,-0.0483520000000146,-0.0821063999999946,-0.0370298000000112,-0.0210780000000064,0.299675200000029,-0.218219800000036,0.0291936000000088
0.841136000000001,-1.212445,0.553425,-0.0108289981240421,-0.0114679980133451,-0.931356838656412,0.363765936983013,0.136642000000043,0.15882600000005,0.130161999999978,-1.39424099999998,-0.00256300000000081,-0.824501000000102,0.0314649999999469,1.51180300000002,0.184189000000058,0.772277000000086,-0.160655000000019,0.0427200000000134,0.0528180000000166,0.257941000000017,-0.0921299999999975,-0.0462190000000146,-0.0828959999999946,-0.0353960000000111,-0.0201480000000063,0.295498000000029,-0.213004000000036,0.0279060000000088
0.840956600000001,-1.2128404,0.553497599999999,-0.0103292003340595,-0.0109388003537765,-0.931341430965655,0.363836212098419,0.130335400000043,0.15149580000005,0.133385199999978,-1.39681439999998,-0.00244480000000081,-0.809523800000103,0.0392433999999465,1.50895060000002,0.175688200000058,0.759710000000086,-0.157855400000019,0.0407484000000136,0.0503802000000168,0.255497200000017,-0.0924929999999975,-0.0440860000000147,-0.0836855999999946,-0.0337622000000112,-0.0192180000000064,0.291321400000029,-0.207788800000036,0.0266178000000089
0.840777200000001,-1.2132356,0.553570199999999,-0.00982940072196261,-0.0104094007645045,-0.931325473871397,0.363906428873398,0.124028800000044,0.144165400000051,0.136608399999978,-1.39938779999998,-0.00232640000000082,-0.794546800000104,0.0470219999999461,1.50609820000002,0.167187400000059,0.747143200000087,-0.155055800000019,0.0387768000000137,0.0479424000000169,0.253053600000017,-0.0928561999999975,-0.0419528000000148,-0.0844749999999945,-0.0321286000000113,-0.0182880000000064,0.287144800000029,-0.202573400000036,0.0253298000000089
0.840597800000001,-1.2136304,0.5536428,-0.00932960310635906,-0.00987960328942376,-0.931308915845087,0.363976723448314,0.117722200000043,0.136834600000051,0.139831599999978,-1.40196119999998,-0.00220760000000082,-0.779570200000103,0.0548009999999464,1.50324580000002,0.158686600000059,0.734576800000087,-0.152256200000019,0.0368052000000136,0.0455046000000168,0.250610400000017,-0.0932197999999975,-0.0398192000000147,-0.0852639999999946,-0.0304954000000113,-0.0173580000000064,0.282968200000029,-0.197357600000036,0.0240422000000089
0.840418800000001,-1.2140252,0.5537154,-0.0088298019512893,-0.00935020206627617,-0.931291991055504,0.364046474663188,0.111415600000044,0.129504200000051,0.143054799999978,-1.40453459999998,-0.00208920000000082,-0.764593200000104,0.0625795999999459,1.50039340000002,0.150185400000059,0.722010400000087,-0.149457000000019,0.0348332000000137,0.043066800000017,0.248166800000017,-0.0935829999999975,-0.0376860000000148,-0.0860533999999945,-0.0288618000000114,-0.0164284000000065,0.278791200000029,-0.192141800000036,0.022754200000009
0.840240000000001,-1.21442,0.553787999999999,-0.00832999672622381,-0.00882099653325573,-0.931274633998897,0.364115856898491,0.105109000000044,0.122174000000051,0.146277999999977,-1.40710799999998,-0.00197100000000083,-0.749616000000105,0.0703579999999455,1.49754100000002,0.14168400000006,0.709444000000088,-0.14665800000002,0.0328610000000138,0.0406290000000171,0.245723000000017,-0.0939459999999975,-0.035553000000015,-0.0868429999999945,-0.0272280000000115,-0.0154990000000065,0.274614000000029,-0.186926000000037,0.021466000000009
0.840060600000001,-1.2148154,0.553861199999999,-0.00783019850308697,-0.00829179841484314,-0.93125682294299,0.364184930759879,0.098802400000044,0.114843800000051,0.149501199999978,-1.40968199999998,-0.00185280000000082,-0.734639400000104,0.0781363999999458,1.49468860000002,0.133183200000059,0.696877000000088,-0.14385840000002,0.0308894000000138,0.038191200000017,0.243279800000017,-0.0943095999999975,-0.0334200000000149,-0.0876325999999945,-0.0255942000000114,-0.0145690000000065,0.270437400000029,-0.181710800000036,0.020177800000009
0.839881200000001,-1.2152106,0.553934199999999,-0.00733039884712058,-0.00776259877915446,-0.931238460606019,0.364253945484558,0.0924958000000443,0.107513400000052,0.152724599999977,-1.41225579999998,-0.00173460000000083,-0.719662600000105,0.0859147999999453,1.49183620000002,0.12468220000006,0.684310200000088,-0.14105880000002,0.0289178000000139,0.0357534000000171,0.240836600000017,-0.0946729999999975,-0.031286800000015,-0.0884219999999944,-0.0239604000000115,-0.0136390000000065,0.266260600000029,-0.176495400000037,0.0188898000000091
0.839701800000001,-1.2156054,0.554006799999999,-0.00683060063276396,-0.00723340067008615,-0.931219493847433,0.364323036724653,0.0861892000000441,0.100182600000051,0.155948399999977,-1.41482919999998,-0.00161640000000083,-0.704685400000105,0.0936931999999456,1.48898380000002,0.116180800000059,0.671743800000088,-0.13825920000002,0.0269462000000138,0.033315600000017,0.238393400000017,-0.0950359999999975,-0.0291532000000149,-0.0892109999999945,-0.0223266000000114,-0.0127090000000065,0.262083400000029,-0.171279600000036,0.017602200000009
0.839522800000001,-1.2160006,0.5540794,-0.00633080207228092,-0.0067042021945143,-0.931200111486163,0.364391721895838,0.0798826000000444,0.0928522000000517,0.159171799999977,-1.41740259999998,-0.00149820000000083,-0.689708200000106,0.101471599999945,1.48613140000002,0.10767980000006,0.659177400000089,-0.13545960000002,0.0249746000000139,0.0308778000000172,0.235949800000017,-0.0953989999999975,-0.027020000000015,-0.0900003999999944,-0.0206932000000115,-0.0117790000000066,0.257906600000029,-0.166064200000037,0.0163142000000091
0.839344000000001,-1.216396,0.554152,-0.00583100170502952,-0.00617500180561778,-0.93118027228367,0.364460106570701,0.0735760000000448,0.0855220000000521,0.162394999999977,-1.41997599999998,-0.00138000000000084,-0.674731000000106,0.109249999999945,1.48327900000002,0.0991790000000604,0.646611000000089,-0.13266000000002,0.023003000000014,0.0284400000000173,0.233506000000017,-0.0957619999999974,-0.0248870000000152,-0.0907899999999944,-0.0190600000000116,-0.0108490000000066,0.25373000000003,-0.160849000000037,0.0150260000000092
0.839164600000001,-1.2167908,0.5542246,-0.00533120152672654,-0.00564580161680807,-0.931159855219786,0.364528499902891,0.0672694000000446,0.0781912000000518,0.165618199999977,-1.42254939999998,-0.00126180000000084,-0.659754400000106,0.117028999999945,1.48042660000002,0.0906776000000601,0.634044000000089,-0.12986100000002,0.0210314000000139,0.0260022000000172,0.231062800000017,-0.0961255999999974,-0.0227540000000151,-0.0915795999999944,-0.0174262000000115,-0.00991900000000657,0.24955280000003,-0.155633200000037,0.0137384000000091
0.838985200000001,-1.2171858,0.554297199999999,-0.00483140074786465,-0.00511660079202288,-0.931138954744358,0.364596660600085,0.0609630000000449,0.0708606000000522,0.168841399999977,-1.42512279999998,-0.00114360000000084,-0.644777600000107,0.124807799999945,1.47757400000002,0.0821764000000606,0.62147720000009,-0.12706180000002,0.019059800000014,0.0235644000000174,0.228619600000017,-0.0964889999999974,-0.0206208000000152,-0.0923691999999944,-0.0157924000000116,-0.00898900000000663,0.24537580000003,-0.150417400000037,0.0124506000000092
0.838805800000001,-1.2175812,0.5543698,-0.00433160173873238,-0.00458740184142488,-0.93111758559187,0.36466455102229,0.0546570000000447,0.0635304000000519,0.172064599999977,-1.42769619999998,-0.00102540000000084,-0.629800400000106,0.132586199999945,1.47472100000002,0.0736756000000602,0.608910800000089,-0.12426220000002,0.017088200000014,0.0211266000000173,0.226176400000017,-0.0968519999999974,-0.0184872000000151,-0.0931587999999944,-0.0141586000000116,-0.00805900000000659,0.24119920000003,-0.145201600000037,0.0111624000000091
0.838626400000001,-1.2179762,0.554442399999999,-0.00383180194256708,-0.0040582020573353,-0.931095665149598,0.36473238220586,0.048350600000045,0.0562002000000524,0.175287799999977,-1.43026959999998,-0.000907200000000844,-0.614823200000107,0.140364599999944,1.47186840000002,0.0651748000000607,0.59634400000009,-0.12146260000002,0.0151166000000141,0.0186892000000174,0.223732800000017,-0.0972149999999974,-0.0163540000000152,-0.0939479999999944,-0.0125248000000117,-0.00712900000000664,0.23702260000003,-0.139986200000037,0.0098742000000092
0.838447000000001,-1.218371,0.554515,-0.00333200078736547,-0.00352900083391739,-0.931073220015421,0.364800086203364,0.0420440000000454,0.0488700000000528,0.178510999999977,-1.43284299999998,-0.000789000000000851,-0.599846000000108,0.148142999999944,1.46901600000002,0.0566740000000612,0.58377700000009,-0.11866300000002,0.0131450000000142,0.0162520000000175,0.221289000000018,-0.0975779999999974,-0.0142210000000154,-0.0947369999999943,-0.0108910000000118,-0.0061990000000067,0.23284600000003,-0.134771000000038,0.00858600000000928
0.838268200000001,-1.2187658,0.5545882,-0.00283220068160977,-0.00299920072187039,-0.931050402453748,0.364867279329132,0.0357374000000452,0.0415392000000525,0.181734199999977,-1.43541699999998,-0.000670200000000851,-0.584869400000107,0.155921399999944,1.46616360000002,0.0481726000000609,0.57121060000009,-0.11586340000002,0.0111728000000141,0.0138142000000175,0.218845800000017,-0.0979415999999974,-0.0120880000000153,-0.0955265999999943,-0.0092572000000117,-0.00526960000000666,0.22866880000003,-0.129555200000037,0.00729840000000922
0.838089200000001,-1.2191608,0.5546612,-0.00233240007575711,-0.00246960008021341,-0.931027032564126,0.364934412765044,0.0294308000000455,0.0342086000000529,0.184957599999977,-1.43799079999998,-0.000551600000000853,-0.569892600000108,0.163699999999944,1.46331120000002,0.0396714000000614,0.558644200000091,-0.11306400000002,0.00920080000001423,0.0113764000000176,0.216402600000018,-0.0983049999999974,-0.0099550000000154,-0.0963161999999943,-0.00762360000001179,-0.00434000000000671,0.22449180000003,-0.124339400000038,0.0060106000000093
0.837909800000001,-1.2195562,0.554733799999999,-0.00183260010634462,-0.00194040011260018,-0.9310030569834,0.365001622341349,0.0231242000000459,0.0268784000000533,0.188181399999977,-1.44056419999998,-0.00043340000000086,-0.554915400000109,0.171478999999943,1.46045880000002,0.0311706000000619,0.546077800000091,-0.11026500000002,0.00722920000001434,0.00893860000001774,0.213959400000018,-0.0986679999999974,-0.00782200000001552,-0.0971057999999942,-0.00599040000001188,-0.00341000000000677,0.22031520000003,-0.119123600000038,0.00472240000000937
0.837720400000001,-1.219974,0.554810399999999,-0.00130440022415325,-0.00138120023735337,-0.930977167136192,0.365072465542158,0.0164572000000496,0.0191290000000576,0.191588799999975,-1.44328439999998,-0.000308400000000929,-0.539082600000118,0.179701999999939,1.45744360000002,0.0221838000000668,0.532793000000099,-0.107305600000022,0.00514480000001549,0.00636160000001916,0.211376200000019,-0.0990521999999971,-0.00556700000001676,-0.0979401999999938,-0.00426320000001284,-0.00242680000000731,0.215899800000033,-0.113610200000041,0.00336100000001012
0.837526000000001,-1.220403,0.554888999999999,-0.000761999997939699,-0.000806999997818026,-0.930949997478057,0.365144999010822,0.00961000000004995,0.0111700000000581,0.195087999999974,-1.44607799999998,-0.000180000000000937,-0.522822000000119,0.188146999999938,1.45434700000002,0.0129540000000673,0.519149000000099,-0.104266000000022,0.00300400000001562,0.00371500000001931,0.208723000000019,-0.0994469999999971,-0.00325100000001689,-0.0987969999999937,-0.00248900000001294,-0.00141700000000737,0.211365000000033,-0.107948000000041,0.0019630000000102
0.837392800000001,-1.2206964,0.554943,-0.000390599995224786,-0.000413399995048526,-0.930931214428413,0.365194127191179,0.00492520000003444,0.00572440000004003,0.197482599999982,-1.44799019999999,-9.2400000000644e-05,-0.511696200000082,0.193925599999958,1.45222780000002,0.00663900000004643,0.509813600000069,-0.102186400000015,0.00153940000001077,0.00190360000001332,0.206908000000013,-0.099716399999998,-0.00166580000001165,-0.0993831999999957,-0.00127580000000892,-0.000726400000005077,0.208261800000023,-0.104073200000028,0.00100600000000704
0.837293727541391,-1.2209145309435,0.5549832,-0.000114399943810007,-0.000120799940666511,-0.930917065732215,0.365230597087032,0.00144160000000791,0.00167520000000919,0.199263199999996,-1.449412,-2.72000000001492e-05,-0.503423200000019,0.19822239999999,1.450652,0.00194320000001066,0.502872000000016,-0.100640000000004,0.000450400000002471,0.000556800000003054,0.205558400000003,-0.0999167999999995,-0.000487200000002672,-0.099819199999999,-0.000373600000002049,-0.000212800000001167,0.205954400000005,-0.101192000000007,0.000294400000001615
0.837262910165562,-1.22098212377399,0.5549958,-2.85999859529773e-05,-3.01999851671299e-05,-0.930912634666171,0.365241926521163,0.000360400000007969,0.000418800000009261,0.199815799999996,-1.449853,-6.80000000015036e-06,-0.500855800000019,0.19955559999999,1.450163,0.000485800000010742,0.500718000000016,-0.100160000000004,0.00011260000000249,0.000139200000003078,0.205139600000003,-0.0999791999999995,-0.000121800000002693,-0.099954799999999,-9.34000000020653e-05,-5.32000000011764e-05,0.205238600000005,-0.100298000000007,7.36000000016275e-05
0.837252637706952,-1.22100465471749,0.555,0,0,-0.930911154392592,0.365245701723446,0,0,0.2,-1.45,0,-0.5,0.2,1.45,0,0.5,-0.1,0,0,0.205,-0.1,0,-0.1,0,0,0.205,-0.1,0
0.837252637706952,-1.22100465471749,0.555,0,0,-0.930911154392592,0.365245701723446,0,0,0.2,-1.45,0,-0.5,0.2,1.45,0,0.5,-0.1,0,0,0.205,-0.1,0,-0.1,0,0,0.205,-0.1,0
0.837252637706952,-1.22100465471749,0.555,0,0,-0.930911154392592,0.365245701723446,0,0,0.2,-1.45,0,-0.5,0.2,1.45,0,0.5,-0.1,0,0,0.205,-0.1,0,-0.1,0,0,0.205,-0.1,0
0.837252637706952,-1.22100465471749,0.555,0,0,-0.930911154392592,0.365245701723446,0,0,0.2,-1.45,0,-0.5,0.2,1.45,0,0.5,-0.1,0,0,0.205,-0.1,0,-0.1,0,0,0.205,-0.1,0
0.837252637706952,-1.22100465471749,0.555,0,0,-0.930911154392592,0.365245701723446,0,0,0.2,-1.45,0,-0.5,0.2,1.45,0,0.5,-0.1,0,0,0.205,-0.1,0,-0.1,0,0,0.205,-0.1,0
0.837252637706952,-1.22100465471749,0.555,0,0,-0.930911154392592,0.365245701723446,0,0,0.2,-1.45,0,-0.5,0.2,1.45,0,0.5,-0.1,0,0,0.205,-0.1,0,-0.1,0,0,0.205,-0.1,0
0.837252637706953,-1.22100465471749,0.555,0,0,-0.930911154392592,0.365245701723446,0,0,0.2,-1.45,0,-0.5,0.2,1.45,0,0.5,-0.1,0,0,0.205,-0.1,0,-0.1,0,0,0.205,-0.1,0
0.837252637706952,-1.22100465471749,0.555,0,0,-0.930911154392592,0.365245701723446,0,0,0.2,-1.45,0,-0.5,0.2,1.45,0,0.5,-0.1,0,0,0.205,-0.1,0,-0.1,0,0,0.205,-0.1,0
0.837252637706953,-1.22100465471749,0.555,0,0,-0.930911154392592,0.365245701723446,0,0,0.2,-1.45,0,-0.5,0.2,1.45,0,0.5,-0.1,0,0,0.205,-0.1,0,-0.1,0,0,0.205,-0.1,0
0.837252637706952,-1.22100465471749,0.555,0,0,-0.930911154392592,0.365245701723446,0,0,0.2,-1.45,0,-0.5,0.2,1.45,0,0.5,-0.1,0,0,0.205,-0.1,0,-0.1,0,0,0.205,-0.1,0
0.837252637706952,-1.22100465471749,0.555,0,0,-0.930911154392592,0.365245701723446,0,0,0.2,-1.45,0,-0.5,0.2,1.45,0,0.5,-0.1,0,0,0.205,-0.1,0,-0.1,0,0,0.205,-0.1,0
0.837252637706952,-1.22100465471749,0.555,0,0,-0.930911154392592,0.365245701723446,0,0,0.2,-1.45,0,-0.5,0.2,1.45,0,0.5,-0.1,0,0,0.205,-0.1,0,-0.1,0,0,0.205,-0.1,0
0.837252637706952,-1.22100465471749,0.555,0,0,-0.930911154392592,0.365245701723446,0,0,0.2,-1.45,0,-0.5,0.2,1.45,0,0.5,-0.1,0,0,0.205,-0.1,0,-0.1,0,0,0.205,-0.1,0
0.837252637706952,-1.22100465471749,0.555,0,0,-0.930911154392592,0.365245701723446,0,0,0.2,-1.45,0,-0.5,0.2,1.45,0,0.5,-0.1,0,0,0.205,-0.1,0,-0.1,0,0,0.205,-0.1,0
0.837252637706952,-1.22100465471749,0.555,0,0,-0.930911154392592,0.365245701723446,0,0,0.2,-1.45,0,-0.5,0.2,1.45,0,0.5,-0.1,0,0,0.205,-0.1,0,-0.1,0,0,0.205,-0.1,0
0.837252637706952,-1.22100465471749,0.555,0,0,-0.930911154392592,0.365245701723446,0,0,0.2,-1.45,0,-0.5,0.2,1.45,0,0.5,-0.1,0,0,0.205,-0.1,0,-0.1,0,0,0.205,-0.1,0
0.837252637706952,-1.22100465471749,0.555,0,0,-0.930911154392592,0.365245701723446,0,0,0.2,-1.45,0,-0.5,0.2,1.45,0,0.5,-0.1,0,0,0.205,-0.1,0,-0.1,0,0,0.205,-0.1,0
0.837252637706952,-1.22100465471749,0.555,0,0,-0.930911154392592,0.365245701723446,0,0,0.2,-1.45,0,-0.5,0.2,1.45,0,0.5,-0.1,0,0,0.205,-0.1,0,-0.1,0,0,0.205,-0.1,0
0.837252637706952,-1.22100465471749,0.555,0,0,-0.930911154392592,0.365245701723446,0,0,0.2,-1.45,0,-0.5,0.2,1.45,0,0.5,-0.1,0,0,0.205,-0.1,0,-0.1,0,0,0.205,-0.1,0
0.837252637706952,-1.22100465471749,0.555,0,0,-0.930911154392592,0.365245701723446,0,0,0.2,-1.45,0,-0.5,0.2,1.45,0,0.5,-0.1,0,0,0.205,-0.1,0,-0.1,0,0,0.205,-0.1,0
0.837252637706952,-1.22100465471749,0.555,0,0,-0.930911154392592,0.365245701723446,0,0,0.2,-1.45,0,-0.5,0.2,1.45,0,0.5,-0.1,0,0,0.205,-0.1,0,-0.1,0,0,0.205,-0.1,0
0.837252637706952,-1.22100465471749,0.555,0,0,-0.930911154392592,0.365245701723446,0,0,0.2,-1.45,0,-0.5,0.2,1.45,0,0.5,-0.1,0,0,0.205,-0.1,0,-0.1,0,0,0.205,-0.1,0
0.837252637706952,-1.22100465471749,0.555,0,0,-0.930911154392592,0.365245701723446,0,0,0.2,-1.45,0,-0.5,0.2,1.45,0,0.5,-0.1,0,0,0.205,-0.1,0,-0.1,0,0,0.205,-0.1,0
0.837252637706952,-1.22100465471749,0.555,0,0,-0.930911154392592,0.365245701723446,0,0,0.2,-1.45,0,-0.5,0.2,1.45,0,0.5,-0.1,0,0,0.205,-0.1,0,-0.1,0,0,0.205,-0.1,0
0.837252637706952,-1.22100465471749,0.555,0,0,-0.930911154392592,0.365245701723446,0,0,0.2,-1.45,0,-0.5,0.2,1.45,0,0.5,-0.1,0,0,0.205,-0.1,0,-0.1,0,0,0.205,-0.1,0
0.837252637706952,-1.22100465471749,0.555,0,0,-0.930911154392592,0.365245701723446,0,0,0.2,-1.45,0,-0.5,0.2,1.45,0,0.5,-0.1,0,0,0.205,-0.1,0,-0.1,0,0,0.205,-0.1,0
0.837252637706952,-1.22100465471749,0.555,0,0,-0.930911154392592,0.365245701723446,0,0,0.2,-1.45,0,-0.5,0.2,1.45,0,0.5,-0.1,0,0,0.205,-0.1,0,-0.1,0,0,0.205,-0.1,0
0.837252637706952,-1.22100465471749,0.555,0,0,-0.930911154392592,0.365245701723446,0,0,0.2,-1.45,0,-0.5,0.2,1.45,0,0.5,-0.1,0,0,0.205,-0.1,0,-0.1,0,0,0.205,-0.1,0
0.837252637706952,-1.22100465471749,0.555,0,0,-0.930911154392592,0.365245701723446,0,0,0.2,-1.45,0,-0.5,0.2,1.45,0,0.5,-0.1,0,0,0.205,-0.1,0,-0.1,0,0,0.205,-0.1,0
0.837252637706953,-1.22100465471749,0.555,0,0,-0.930911154392592,0.365245701723446,0,0,0.2,-1.45,0,-0.5,0.2,1.45,0,0.5,-0.1,0,0,0.205,-0.1,0,-0.1,0,0,0.205,-0.1,0
0.837252637706953,-1.22100465471749,0.555,0,0,-0.930911154392592,0.365245701723446,0,0,0.2,-1.45,0,-0.5,0.2,1.45,0,0.5,-0.1,0,0,0.205,-0.1,0,-0.1,0,0,0.205,-0.1,0
0.837252637706952,-1.22100465471749,0.555,0,0,-0.930911154392592,0.365245701723446,0,0,0.2,-1.45,0,-0.5,0.2,1.45,0,0.5,-0.1,0,0,0.205,-0.1,0,-0.1,0,0,0.205,-0.1,0
0.837252637706952,-1.22100465471749,0.555,0,0,-0.930911154392592,0.365245701723446,0,0,0.2,-1.45,0,-0.5,0.2,1.45,0,0.5,-0.1,0,0,0.205,-0.1,0,-0.1,0,0,0.205,-0.1,0
0.837252637706952,-1.22100465471749,0.555,0,0,-0.930911154392592,0.365245701723446,0,0,0.2,-1.45,0,-0.5,0.2,1.45,0,0.5,-0.1,0,0,0.205,-0.1,0,-0.1,0,0,0.205,-0.1,0
0.837252637706952,-1.22100465471749,0.555,0,0,-0.930911154392592,0.365245701723446,0,0,0.2,-1.45,0,-0.5,0.2,1.45,0,0.5,-0.1,0,0,0.205,-0.1,0,-0.1,0,0,0.205,-0.1,0
0.837252637706952,-1.22100465471749,0.555,0,0,-0.930911154392592,0.365245701723446,0,0,0.2,-1.45,0,-0.5,0.2,1.45,0,0.5,-0.1,0,0,0.205,-0.1,0,-0.1,0,0,0.205,-0.1,0
0.837252637706952,-1.22100465471749,0.555,0,0,-0.930911154392592,0.365245701723446,0,0,0.2,-1.45,0,-0.5,0.2,1.45,0,0.5,-0.1,0,0,0.205,-0.1,0,-0.1,0,0,0.205,-0.1,0
0.837252637706952,-1.22100465471749,0.555,0,0,-0.930911154392592,0.365245701723446,0,0,0.2,-1.45,0,-0.5,0.2,1.45,0,0.5,-0.1,0,0,0.205,-0.1,0,-0.1,0,0,0.205,-0.1,0
0.837252637706952,-1.22100465471749,0.555,0,0,-0.930911154392592,0.365245701723446,0,0,0.2,-1.45,0,-0.5,0.2,1.45,0,0.5,-0.1,0,0,0.205,-0.1,0,-0.1,0,0,0.205,-0.1,0
0.837252637706952,-1.22100465471749,0.555,0,0,-0.930911154392592,0.365245701723446,0,0,0.2,-1.45,0,-0.5,0.2,1.45,0,0.5,-0.1,0,0,0.205,-0.1,0,-0.1,0,0,0.205,-0.1,0
0.837252637706952,-1.22100465471749,0.555,0,0,-0.930911154392592,0.365245701723446,0,0,0.2,-1.45,0,-0.5,0.2,1.45,0,0.5,-0.1,0,0,0.205,-0.1,0,-0.1,0,0,0.205,-0.1,0
0.837252637706952,-1.22100465471749,0.555,0,0,-0.930911154392592,0.365245701723446,0,0,0.2,-1.45,0,-0.5,0.2,1.45,0,0.5,-0.1,0,0,0.205,-0.1,0,-0.1,0,0,0.205,-0.1,0
0.837252637706952,-1.22100465471749,0.555,0,0,-0.930911154392592,0.365245701723446,0,0,0.2,-1.45,0,-0.5,0.2,1.45,0,0.5,-0.1,0,0,0.205,-0.1,0,-0.1,0,0,0.205,-0.1,0
0.837252637706952,-1.22100465471749,0.555,0,0,-0.930911154392592,0.365245701723446,0,0,0.2,-1.45,0,-0.5,0.2,1.45,0,0.5,-0.1,0,0,0.205,-0.1,0,-0.1,0,0,0.205,-0.1,0
0.837252637706952,-1.22100465471749,0.555,0,0,-0.930911154392592,0.365245701723446,0,0,0.2,-1.45,0,-0.5,0.2,1.45,0,0.5,-0.1,0,0,0.205,-0.1,0,-0.1,0,0,0.205,-0.1,0
0.837252637706952,-1.22100465471749,0.555,0,0,-0.930911154392592,0.365245701723446,0,0,0.2,-1.45,0,-0.5,0.2,1.45,0,0.5,-0.1,0,0,0.205,-0.1,0,-0.1,0,0,0.205,-0.1,0
0.837252637706952,-1.22100465471749,0.555,0,0,-0.930911154392592,0.365245701723446,0,0,0.2,-1.45,0,-0.5,0.2,1.45,0,0.5,-0.1,0,0,0.205,-0.1,0,-0.1,0,0,0.205,-0.1,0
0.837252637706952,-1.22100465471749,0.555,0,0,-0.930911154392592,0.365245701723446,0,0,0.2,-1.45,0,-0.5,0.2,1.45,0,0.5,-0.1,0,0,0.205,-0.1,0,-0.1,0,0,0.205,-0.1,0
0.837252637706952,-1.22100465471749,0.555,0,0,-0.930911154392592,0.365245701723446,0,0,0.2,-1.45,0,-0.5,0.2,1.45,0,0.5,-0.1,0,0,0.205,-0.1,0,-0.1,0,0,0.205,-0.1,0
0.837252637706952,-1.22100465471749,0.555,0,0,-0.930911154392592,0.365245701723446,0,0,0.2,-1.45,0,-0.5,0.2,1.45,0,0.5,-0.1,0,0,0.205,-0.1,0,-0.1,0,0,0.205,-0.1,0
0.837252637706952,-1.22100465471749,0.555,0,0,-0.930911154392592,0.365245701723446,0,0,0.2,-1.45,0,-0.5,0.2,1.45,0,0.5,-0.1,0,0,0.205,-0.1,0,-0.1,0,0,0.205,-0.1,0
0.837252637706952,-1.22100465471749,0.555,0,0,-0.930911154392592,0.365245701723446,0,0,0.2,-1.45,0,-0.5,0.2,1.45,0,0.5,-0.1,0,0,0.205,-0.1,0,-0.1,0,0,0.205,-0.1,0
0.837252637706952,-1.22100465471749,0.555,0,0,-0.930911154392592,0.365245701723446,0,0,0.2,-1.45,0,-0.5,0.2,1.45,0,0.5,-0.1,0,0,0.205,-0.1,0,-0.1,0,0,0.205,-0.1,0
0.837252637706952,-1.22100465471749,0.555,0,0,-0.930911154392592,0.365245701723446,0,0,0.2,-1.45,0,-0.5,0.2,1.45,0,0.5,-0.1,0,0,0.205,-0.1,0,-0.1,0,0,0.205,-0.1,0
0.837252637706952,-1.22100465471749,0.555,0,0,-0.930911154392592,0.365245701723446,0,0,0.2,-1.45,0,-0.5,0.2,1.45,0,0.5,-0.1,0,0,0.205,-0.1,0,-0.1,0,0,0.205,-0.1,0
0.837252637706952,-1.22100465471749,0.555,0,0,-0.930911154392592,0.365245701723446,0,0,0.2,-1.45,0,-0.5,0.2,1.45,0,0.5,-0.1,0,0,0.205,-0.1,0,-0.1,0,0,0.205,-0.1,0
0.837252637706952,-1.22100465471749,0.555,0,0,-0.930911154392592,0.365245701723446,0,0,0.2,-1.45,0,-0.5,0.2,1.45,0,0.5,-0.1,0,0,0.205,-0.1,0,-0.1,0,0,0.205,-0.1,0
0.837252637706952,-1.22100465471749,0.555,0,0,-0.930911154392592,0.365245701723446,0,0,0.2,-1.45,0,-0.5,0.2,1.45,0,0.5,-0.1,0,0,0.205,-0.1,0,-0.1,0,0,0.205,-0.1,0
0.837252637706952,-1.22100465471749,0.555,0,0,-0.930911154392592,0.365245701723446,0,0,0.2,-1.45,0,-0.5,0.2,1.45,0,0.5,-0.1,0,0,0.205,-0.1,0,-0.1,0,0,0.205,-0.1,0
0.837252637706952,-1.22100465471749,0.555,0,0,-0.930911154392592,0.365245701723446,0,0,0.2,-1.45,0,-0.5,0.2,1.45,0,0.5,-0.1,0,0,0.205,-0.1,0,-0.1,0,0,0.205,-0.1,0
0.837252637706952,-1.22100465471749,0.555,0,0,-0.930911154392592,0.365245701723446,0,0,0.2,-1.45,0,-0.5,0.2,1.45,0,0.5,-0.1,0,0,0.205,-0.1,0,-0.1,0,0,0.205,-0.1,0
0.837252637706952,-1.22100465471749,0.555,0,0,-0.930911154392592,0.365245701723446,0,0,0.2,-1.45,0,-0.5,0.2,1.45,0,0.5,-0.1,0,0,0.205,-0.1,0,-0.1,0,0,0.205,-0.1,0
0.837252637706952,-1.22100465471749,0.555,0,0,-0.930911154392592,0.365245701723446,0,0,0.2,-1.45,0,-0.5,0.2,1.45,0,0.5,-0.1,0,0,0.205,-0.1,0,-0.1,0,0,0.205,-0.1,0
0.837252637706952,-1.22100465471749,0.555,0,0,-0.930911154392592,0.365245701723446,0,0,0.2,-1.45,0,-0.5,0.2,1.45,0,0.5,-0.1,0,0,0.205,-0.1,0,-0.1,0,0,0.205,-0.1,0
0.837252637706952,-1.22100465471749,0.555,0,0,-0.930911154392592,0.365245701723446,0,0,0.2,-1.45,0,-0.5,0.2,1.45,0,0.5,-0.1,0,0,0.205,-0.1,0,-0.1,0,0,0.205,-0.1,0
0.837252637706952,-1.22100465471749,0.555,0,0,-0.930911154392592,0.365245701723446,0,0,0.2,-1.45,0,-0.5,0.2,1.45,0,0.5,-0.1,0,0,0.205,-0.1,0,-0.1,0,0,0.205,-0.1,0
0.837252637706952,-1.22100465471749,0.555,0,0,-0.930911154392592,0.365245701723446,0,0,0.2,-1.45,0,-0.5,0.2,1.45,0,0.5,-0.1,0,0,0.205,-0.1,0,-0.1,0,0,0.205,-0.1,0
0.837252637706952,-1.22100465471749,0.555,0,0,-0.930911154392592,0.365245701723446,0,0,0.2,-1.45,0,-0.5,0.2,1.45,0,0.5,-0.1,0,0,0.205,-0.1,0,-0.1,0,0,0.205,-0.1,0
0.837252637706952,-1.22100465471749,0.555,0,0,-0.930911154392592,0.365245701723446,0,0,0.2,-1.45,0,-0.5,0.2,1.45,0,0.5,-0.1,0,0,0.205,-0.1,0,-0.1,0,0,0.205,-0.1,0
0.837252637706952,-1.22100465471749,0.555,0,0,-0.930911154392592,0.365245701723446,0,0,0.2,-1.45,0,-0.5,0.2,1.45,0,0.5,-0.1,0,0,0.205,-0.1,0,-0.1,0,0,0.205,-0.1,0
0.837252637706952,-1.22100465471749,0.555,0,0,-0.930911154392592,0.365245701723446,0,0,0.2,-1.45,0,-0.5,0.2,1.45,0,0.5,-0.1,0,0,0.205,-0.1,0,-0.1,0,0,0.205,-0.1,0
0.837252637706952,-1.22100465471749,0.555,0,0,-0.930911154392592,0.365245701723446,0,0,0.2,-1.45,0,-0.5,0.2,1.45,0,0.5,-0.1,0,0,0.205,-0.1,0,-0.1,0,0,0.205,-0.1,0
0.837252637706952,-1.22100465471749,0.555,0,0,-0.930911154392592,0.365245701723446,0,0,0.2,-1.45,0,-0.5,0.2,1.45,0,0.5,-0.1,0,0,0.205,-0.1,0,-0.1,0,0,0.205,-0.1,0
0.837252637706952,-1.22100465471749,0.555,0,0,-0.930911154392592,0.365245701723446,0,0,0.2,-1.45,0,-0.5,0.2,1.45,0,0.5,-0.1,0,0,0.205,-0.1,0,-0.1,0,0,0.205,-0.1,0
0.837252637706952,-1.22100465471749,0.555,0,0,-0.930911154392592,0.365245701723446,0,0,0.2,-1.45,0,-0.5,0.2,1.45,0,0.5,-0.1,0,0,0.205,-0.1,0,-0.1,0,0,0.205,-0.1,0
0.837252637706952,-1.22100465471749,0.555,0,0,-0.930911154392592,0.365245701723446,0,0,0.2,-1.45,0,-0.5,0.2,1.45,0,0.5,-0.1,0,0,0.205,-0.1,0,-0.1,0,0,0.205,-0.1,0
0.837252637706952,-1.22100465471749,0.555,0,0,-0.930911154392592,0.365245701723446,0,0,0.2,-1.45,0,-0.5,0.2,1.45,0,0.5,-0.1,0,0,0.205,-0.1,0,-0.1,0,0,0.205,-0.1,0
0.837252637706952,-1.22100465471749,0.555,0,0,-0.930911154392592,0.365245701723446,0,0,0.2,-1.45,0,-0.5,0.2,1.45,0,0.5,-0.1,0,0,0.205,-0.1,0,-0.1,0,0,0.205,-0.1,0
0.837252637706952,-1.22100465471749,0.555,0,0,-0.930911154392592,0.365245701723446,0,0,0.2,-1.45,0,-0.5,0.2,1.45,0,0.5,-0.1,0,0,0.205,-0.1,0,-0.1,0,0,0.205,-0.1,0
0.837252637706952,-1.22100465471749,0.555,0,0,-0.930911154392592,0.365245701723446,0,0,0.2,-1.45,0,-0.5,0.2,1.45,0,0.5,-0.1,0,0,0.205,-0.1,0,-0.1,0,0,0.205,-0.1,0
0.837252637706952,-1.22100465471749,0.555,0,0,-0.930911154392592,0.365245701723446,0,0,0.2,-1.45,0,-0.5,0.2,1.45,0,0.5,-0.1,0,0,0.205,-0.1,0,-0.1,0,0,0.205,-0.1,0
0.837252637706952,-1.22100465471749,0.555,0,0,-0.930911154392592,0.365245701723446,0,0,0.2,-1.45,0,-0.5,0.2,1.45,0,0.5,-0.1,0,0,0.205,-0.1,0,-0.1,0,0,0.205,-0.1,0
0.837252637706952,-1.22100465471749,0.555,0,0,-0.930911154392592,0.365245701723446,0,0,0.2,-1.45,0,-0.5,0.2,1.45,0,0.5,-0.1,0,0,0.205,-0.1,0,-0.1,0,0,0.205,-0.1,0
0.837252637706952,-1.22100465471749,0.555,0,0,-0.930911154392592,0.365245701723446,0,0,0.2,-1.45,0,-0.5,0.2,1.45,0,0.5,-0.1,0,0,0.205,-0.1,0,-0.1,0,0,0.205,-0.1,0
0.837252637706952,-1.22100465471749,0.555,0,0,-0.930911154392592,0.365245701723446,0,0,0.2,-1.45,0,-0.5,0.2,1.45,0,0.5,-0.1,0,0,0.205,-0.1,0,-0.1,0,0,0.205,-0.1,0
0.837252637706952,-1.22100465471749,0.555,0,0,-0.930911154392592,0.365245701723446,0,0,0.2,-1.45,0,-0.5,0.2,1.45,0,0.5,-0.1,0,0,0.205,-0.1,0,-0.1,0,0,0.205,-0.1,0
0.837252637706952,-1.22100465471749,0.555,0,0,-0.930911154392592,0.365245701723446,0,0,0.2,-1.45,0,-0.5,0.2,1.45,0,0.5,-0.1,0,0,0.205,-0.1,0,-0.1,0,0,0.205,-0.1,0
0.837252637706952,-1.22100465471749,0.555,0,0,-0.930911154392592,0.365245701723446,0,0,0.2,-1.45,0,-0.5,0.2,1.45,0,0.5,-0.1,0,0,0.205,-0.1,0,-0.1,0,0,0.205,-0.1,0
0.837252637706952,-1.22100465471749,0.555,0,0,-0.930911154392592,0.365245701723446,0,0,0.2,-1.45,0,-0.5,0.2,1.45,0,0.5,-0.1,0,0,0.205,-0.1,0,-0.1,0,0,0.205,-0.1,0
0.837252637706952,-1.22100465471749,0.555,0,0,-0.930911154392592,0.365245701723446,0,0,0.2,-1.45,0,-0.5,0.2,1.45,0,0.5,-0.1,0,0,0.205,-0.1,0,-0.1,0,0,0.205,-0.1,0
0.837252637706952,-1.22100465471749,0.555,0,0,-0.930911154392592,0.365245701723446,0,0,0.2,-1.45,0,-0.5,0.2,1.45,0,0.5,-0.1,0,0,0.205,-0.1,0,-0.1,0,0,0.205,-0.1,0
0.837252637706952,-1.22100465471749,0.555,0,0,-0.930911154392592,0.365245701723446,0,0,0.2,-1.45,0,-0.5,0.2,1.45,0,0.5,-0.1,0,0,0.205,-0.1,0,-0.1,0,0,0.205,-0.1,0
0.837252637706952,-1.22100465471749,0.555,0,0,-0.930911154392592,0.365245701723446,0,0,0.2,-1.45,0,-0.5,0.2,1.45,0,0.5,-0.1,0,0,0.205,-0.1,0,-0.1,0,0,0.205,-0.1,0
0.837252637706952,-1.22100465471749,0.555,0,0,-0.930911154392592,0.365245701723446,0,0,0.2,-1.45,0,-0.5,0.2,1.45,0,0.5,-0.1,0,0,0.205,-0.1,0,-0.1,0,0,0.205,-0.1,0
0.837252637706952,-1.22100465471749,0.555,0,0,-0.930911154392592,0.365245701723446,0,0,0.2,-1.45,0,-0.5,0.2,1.45,0,0.5,-0.1,0,0,0.205,-0.1,0,-0.1,0,0,0.205,-0.1,0
0.837252637706952,-1.22100465471749,0.555,0,0,-0.930911154392592,0.365245701723446,0,0,0.2,-1.45,0,-0.5,0.2,1.45,0,0.5,-0.1,0,0,0.205,-0.1,0,-0.1,0,0,0.205,-0.1,0
0.837252637706952,-1.22100465471749,0.555,0,0,-0.930911154392592,0.365245701723446,0,0,0.2,-1.45,0,-0.5,0.2,1.45,0,0.5,-0.1,0,0,0.205,-0.1,0,-0.1,0,0,0.205,-0.1,0
0.837252637706952,-1.22100465471749,0.555,0,0,-0.930911154392592,0.365245701723446,0,0,0.2,-1.45,0,-0.5,0.2,1.45,0,0.5,-0.1,0,0,0.205,-0.1,0,-0.1,0,0,0.205,-0.1,0
0.837252637706952,-1.22100465471749,0.555,0,0,-0.930911154392592,0.365245701723446,0,0,0.2,-1.45,0,-0.5,0.2,1.45,0,0.5,-0.1,0,0,0.205,-0.1,0,-0.1,0,0,0.205,-0.1,0
0.837252637706952,-1.22100465471749,0.555,0,0,-0.930911154392592,0.365245701723446,0,0,0.2,-1.45,0,-0.5,0.2,1.45,0,0.5,-0.1,0,0,0.205,-0.1,0,-0.1,0,0,0.205,-0.1,0
0.837252637706952,-1.22100465471749,0.555,0,0,-0.930911154392592,0.365245701723446,0,0,0.2,-1.45,0,-0.5,0.2,1.45,0,0.5,-0.1,0,0,0.205,-0.1,0,-0.1,0,0,0.205,-0.1,0
0.837252637706952,-1.22100465471749,0.555,0,0,-0.930911154392592,0.365245701723446,0,0,0.2,-1.45,0,-0.5,0.2,1.45,0,0.5,-0.1,0,0,0.205,-0.1,0,-0.1,0,0,0.205,-0.1,0
0.837252637706952,-1.22100465471749,0.555,0,0,-0.930911154392592,0.365245701723446,0,0,0.2,-1.45,0,-0.5,0.2,1.45,0,0.5,-0.1,0,0,0.205,-0.1,0,-0.1,0,0,0.205,-0.1,0
0.837252637706952,-1.22100465471749,0.555,0,0,-0.930911154392592,0.365245701723446,0,0,0.2,-1.45,0,-0.5,0.2,1.45,0,0.5,-0.1,0,0,0.205,-0.1,0,-0.1,0,0,0.205,-0.1,0
0.837252637706952,-1.22100465471749,0.555,0,0,-0.930911154392592,0.365245701723446,0,0,0.2,-1.45,0,-0.5,0.2,1.45,0,0.5,-0.1,0,0,0.205,-0.1,0,-0.1,0,0,0.205,-0.1,0
0.837252637706952,-1.22100465471749,0.555,0,0,-0.930911154392592,0.365245701723446,0,0,0.2,-1.45,0,-0.5,0.2,1.45,0,0.5,-0.1,0,0,0.205,-0.1,0,-0.1,0,0,0.205,-0.1,0
0.837252637706952,-1.22100465471749,0.555,0,0,-0.930911154392592,0.365245701723446,0,0,0.2,-1.45,0,-0.5,0.2,1.45,0,0.5,-0.1,0,0,0.205,-0.1,0,-0.1,0,0,0.205,-0.1,0
0.837252637706952,-1.22100465471749,0.555,0,0,-0.930911154392592,0.365245701723446,0,0,0.2,-1.45,0,-0.5,0.2,1.45,0,0.5,-0.1,0,0,0.205,-0.1,0,-0.1,0,0,0.205,-0.1,0
0.837252637706952,-1.22100465471749,0.555,0,0,-0.930911154392592,0.365245701723446,0,0,0.2,-1.45,0,-0.5,0.2,1.45,0,0.5,-0.1,0,0,0.205,-0.1,0,-0.1,0,0,0.205,-0.1,0
0.837252637706952,-1.22100465471749,0.555,0,0,-0.930911154392592,0.365245701723446,0,0,0.2,-1.45,0,-0.5,0.2,1.45,0,0.5,-0.1,0,0,0.205,-0.1,0,-0.1,0,0,0.205,-0.1,0
0.837252637706952,-1.22100465471749,0.555,0,0,-0.930911154392592,0.365245701723446,0,0,0.2,-1.45,0,-0.5,0.2,1.45,0,0.5,-0.1,0,0,0.205,-0.1,0,-0.1,0,0,0.205,-0.1,0
0.837252637706952,-1.22100465471749,0.555,0,0,-0.930911154392592,0.365245701723446,0,0,0.2,-1.45,0,-0.5,0.2,1.45,0,0.5,-0.1,0,0,0.205,-0.1,0,-0.1,0,0,0.205,-0.1,0
0.837252637706952,-1.22100465471749,0.555,0,0,-0.930911154392592,0.365245701723446,0,0,0.2,-1.45,0,-0.5,0.2,1.45,0,0.5,-0.1,0,0,0.205,-0.1,0,-0.1,0,0,0.205,-0.1,0
0.837252637706952,-1.22100465471749,0.555,0,0,-0.930911154392592,0.365245701723446,0,0,0.2,-1.45,0,-0.5,0.2,1.45,0,0.5,-0.1,0,0,0.205,-0.1,0,-0.1,0,0,0.205,-0.1,0
0.837252637706952,-1.22100465471749,0.555,0,0,-0.930911154392592,0.365245701723446,0,0,0.2,-1.45,0,-0.5,0.2,1.45,0,0.5,-0.1,0,0,0.205,-0.1,0,-0.1,0,0,0.205,-0.1,0
0.837252637706952,-1.22100465471749,0.555,0,0,-0.930911154392592,0.365245701723446,0,0,0.2,-1.45,0,-0.5,0.2,1.45,0,0.5,-0.1,0,0,0.205,-0.1,0,-0.1,0,0,0.205,-0.1,0
0.837252637706952,-1.22100465471749,0.555,0,0,-0.930911154392592,0.365245701723446,0,0,0.2,-1.45,0,-0.5,0.2,1.45,0,0.5,-0.1,0,0,0.205,-0.1,0,-0.1,0,0,0.205,-0.1,0
0.837252637706952,-1.22100465471749,0.555,0,0,-0.930911154392592,0.365245701723446,0,0,0.2,-1.45,0,-0.5,0.2,1.45,0,0.5,-0.1,0,0,0.205,-0.1,0,-0.1,0,0,0.205,-0.1,0
0.837252637706952,-1.22100465471749,0.555,0,0,-0.930911154392592,0.365245701723446,0,0,0.2,-1.45,0,-0.5,0.2,1.45,0,0.5,-0.1,0,0,0.205,-0.1,0,-0.1,0,0,0.205,-0.1,0
0.837252637706952,-1.22100465471749,0.555,0,0,-0.930911154392592,0.365245701723446,0,0,0.2,-1.45,0,-0.5,0.2,1.45,0,0.5,-0.1,0,0,0.205,-0.1,0,-0.1,0,0,0.205,-0.1,0
0.837252637706952,-1.22100465471749,0.555,0,0,-0.930911154392592,0.365245701723446,0,0,0.2,-1.45,0,-0.5,0.2,1.45,0,0.5,-0.1,0,0,0.205,-0.1,0,-0.1,0,0,0.205,-0.1,0
0.837252637706952,-1.22100465471749,0.555,0,0,-0.930911154392592,0.365245701723446,0,0,0.2,-1.45,0,-0.5,0.2,1.45,0,0.5,-0.1,0,0,0.205,-0.1,0,-0.1,0,0,0.205,-0.1,0
0.837252637706952,-1.22100465471749,0.555,0,0,-0.930911154392592,0.365245701723446,0,0,0.2,-1.45,0,-0.5,0.2,1.45,0,0.5,-0.1,0,0,0.205,-0.1,0,-0.1,0,0,0.205,-0.1,0
0.837252637706952,-1.22100465471749,0.555,0,0,-0.930911154392592,0.365245701723446,0,0,0.2,-1.45,0,-0.5,0.2,1.45,0,0.5,-0.1,0,0,0.205,-0.1,0,-0.1,0,0,0.205,-0.1,0
0.837252637706952,-1.22100465471749,0.555,0,0,-0.930911154392592,0.365245701723446,0,0,0.2,-1.45,0,-0.5,0.2,1.45,0,0.5,-0.1,0,0,0.205,-0.1,0,-0.1,0,0,0.205,-0.1,0
0.837252637706952,-1.22100465471749,0.555,0,0,-0.930911154392592,0.365245701723446,0,0,0.2,-1.45,0,-0.5,0.2,1.45,0,0.5,-0.1,0,0,0.205,-0.1,0,-0.1,0,0,0.205,-0.1,0
0.837252637706952,-1.22100465471749,0.555,0,0,-0.930911154392592,0.365245701723446,0,0,0.2,-1.45,0,-0.5,0.2,1.45,0,0.5,-0.1,0,0,0.205,-0.1,0,-0.1,0,0,0.205,-0.1,0
0.837252637706952,-1.22100465471749,0.555,0,0,-0.930911154392592,0.365245701723446,0,0,0.2,-1.45,0,-0.5,0.2,1.45,0,0.5,-0.1,0,0,0.205,-0.1,0,-0.1,0,0,0.205,-0.1,0
0.837252637706952,-1.22100465471749,0.555,0,0,-0.930911154392592,0.365245701723446,0,0,0.2,-1.45,0,-0.5,0.2,1.45,0,0.5,-0.1,0,0,0.205,-0.1,0,-0.1,0,0,0.205,-0.1,0
0.837252637706952,-1.22100465471749,0.555,0,0,-0.930911154392592,0.365245701723446,0,0,0.2,-1.45,0,-0.5,0.2,1.45,0,0.5,-0.1,0,0,0.205,-0.1,0,-0.1,0,0,0.205,-0.1,0
0.837252637706952,-1.22100465471749,0.555,0,0,-0.930911154392592,0.365245701723446,0,0,0.2,-1.45,0,-0.5,0.2,1.45,0,0.5,-0.1,0,0,0.205,-0.1,0,-0.1,0,0,0.205,-0.1,0
0.837252637706952,-1.22100465471749,0.555,0,0,-0.930911154392592,0.365245701723446,0,0,0.2,-1.45,0,-0.5,0.2,1.45,0,0.5,-0.1,0,0,0.205,-0.1,0,-0.1,0,0,0.205,-0.1,0
0.837252637706952,-1.22100465471749,0.555,0,0,-0.930911154392592,0.365245701723446,0,0,0.2,-1.45,0,-0.5,0.2,1.45,0,0.5,-0.1,0,0,0.205,-0.1,0,-0.1,0,0,0.205,-0.1,0
0.837252637706952,-1.22100465471749,0.555,0,0,-0.930911154392592,0.365245701723446,0,0,0.2,-1.45,0,-0.5,0.2,1.45,0,0.5,-0.1,0,0,0.205,-0.1,0,-0.1,0,0,0.205,-0.1,0
0.837252637706952,-1.22100465471749,0.555,0,0,-0.930911154392592,0.365245701723446,0,0,0.2,-1.45,0,-0.5,0.2,1.45,0,0.5,-0.1,0,0,0.205,-0.1,0,-0.1,0,0,0.205,-0.1,0
0.837252637706952,-1.22100465471749,0.555,0,0,-0.930911154392592,0.365245701723446,0,0,0.2,-1.45,0,-0.5,0.2,1.45,0,0.5,-0.1,0,0,0.205,-0.1,0,-0.1,0,0,0.205,-0.1,0
0.837252637706952,-1.22100465471749,0.555,0,0,-0.930911154392592,0.365245701723446,0,0,0.2,-1.45,0,-0.5,0.2,1.45,0,0.5,-0.1,0,0,0.205,-0.1,0,-0.1,0,0,0.205,-0.1,0
0.837252637706952,-1.22100465471749,0.555,0,0,-0.930911154392592,0.365245701723446,0,0,0.2,-1.45,0,-0.5,0.2,1.45,0,0.5,-0.1,0,0,0.205,-0.1,0,-0.1,0,0,0.205,-0.1,0
0.837252637706952,-1.22100465471749,0.555,0,0,-0.930911154392592,0.365245701723446,0,0,0.2,-1.45,0,-0.5,0.2,1.45,0,0.5,-0.1,0,0,0.205,-0.1,0,-0.1,0,0,0.205,-0.1,0
0.837252637706952,-1.22100465471749,0.555,0,0,-0.930911154392592,0.365245701723446,0,0,0.2,-1.45,0,-0.5,0.2,1.45,0,0.5,-0.1,0,0,0.205,-0.1,0,-0.1,0,0,0.205,-0.1,0
0.837252637706952,-1.22100465471749,0.555,0,0,-0.930911154392592,0.365245701723446,0,0,0.2,-1.45,0,-0.5,0.2,1.45,0,0.5,-0.1,0,0,0.205,-0.1,0,-0.1,0,0,0.205,-0.1,0
0.837252637706952,-1.22100465471749,0.555,0,0,-0.930911154392592,0.365245701723446,0,0,0.2,-1.45,0,-0.5,0.2,1.45,0,0.5,-0.1,0,0,0.205,-0.1,0,-0.1,0,0,0.205,-0.1,0
0.837252637706952,-1.22100465471749,0.555,0,0,-0.930911154392592,0.365245701723446,0,0,0.2,-1.45,0,-0.5,0.2,1.45,0,0.5,-0.1,0,0,0.205,-0.1,0,-0.1,0,0,0.205,-0.1,0
0.837252637706952,-1.22100465471749,0.555,0,0,-0.930911154392592,0.365245701723446,0,0,0.2,-1.45,0,-0.5,0.2,1.45,0,0.5,-0.1,0,0,0.205,-0.1,0,-0.1,0,0,0.205,-0.1,0
0.837252637706952,-1.22100465471749,0.555,0,0,-0.930911154392592,0.365245701723446,0,0,0.2,-1.45,0,-0.5,0.2,1.45,0,0.5,-0.1,0,0,0.205,-0.1,0,-0.1,0,0,0.205,-0.1,0
0.837252637706952,-1.22100465471749,0.555,0,0,-0.930911154392592,0.365245701723446,0,0,0.2,-1.45,0,-0.5,0.2,1.45,0,0.5,-0.1,0,0,0.205,-0.1,0,-0.1,0,0,0.205,-0.1,0
0.837252637706952,-1.22100465471749,0.555,0,0,-0.930911154392592,0.365245701723446,0,0,0.2,-1.45,0,-0.5,0.2,1.45,0,0.5,-0.1,0,0,0.205,-0.1,0,-0.1,0,0,0.205,-0.1,0
0.837252637706952,-1.22100465471749,0.555,0,0,-0.930911154392592,0.365245701723446,0,0,0.2,-1.45,0,-0.5,0.2,1.45,0,0.5,-0.1,0,0,0.205,-0.1,0,-0.1,0,0,0.205,-0.1,0
0.837252637706952,-1.22100465471749,0.555,0,0,-0.930911154392592,0.365245701723446,0,0,0.2,-1.45,0,-0.5,0.2,1.45,0,0.5,-0.1,0,0,0.205,-0.1,0,-0.1,0,0,0.205,-0.1,0
0.837252637706952,-1.22100465471749,0.555,0,0,-0.930911154392592,0.365245701723446,0,0,0.2,-1.45,0,-0.5,0.2,1.45,0,0.5,-0.1,0,0,0.205,-0.1,0,-0.1,0,0,0.205,-0.1,0
0.837252637706952,-1.22100465471749,0.555,0,0,-0.930911154392592,0.365245701723446,0,0,0.2,-1.45,0,-0.5,0.2,1.45,0,0.5,-0.1,0,0,0.205,-0.1,0,-0.1,0,0,0.205,-0.1,0
0.837252637706952,-1.22100465471749,0.555,0,0,-0.93091115,0.3652457,0,0,0.2,-1.45,0,-0.5,0.2,1.45,0,0.5,-0.1,0,0,0.205,-0.1,0,-0.1,0,0,0.205,-0.1,0
